[{"model": "contenttypes.contenttype", "pk": 1, "fields": {"app_label": "admin", "model": "logentry"}}, {"model": "contenttypes.contenttype", "pk": 2, "fields": {"app_label": "auth", "model": "permission"}}, {"model": "contenttypes.contenttype", "pk": 3, "fields": {"app_label": "auth", "model": "group"}}, {"model": "contenttypes.contenttype", "pk": 4, "fields": {"app_label": "auth", "model": "user"}}, {"model": "contenttypes.contenttype", "pk": 5, "fields": {"app_label": "contenttypes", "model": "contenttype"}}, {"model": "contenttypes.contenttype", "pk": 6, "fields": {"app_label": "sessions", "model": "session"}}, {"model": "contenttypes.contenttype", "pk": 7, "fields": {"app_label": "account", "model": "vsusers"}}, {"model": "contenttypes.contenttype", "pk": 8, "fields": {"app_label": "categorys_and_reatings", "model": "vscategory"}}, {"model": "contenttypes.contenttype", "pk": 9, "fields": {"app_label": "categorys_and_reatings", "model": "vssubcategoryes"}}, {"model": "contenttypes.contenttype", "pk": 10, "fields": {"app_label": "categorys_and_reatings", "model": "vsreatingattribute"}}, {"model": "contenttypes.contenttype", "pk": 11, "fields": {"app_label": "categorys_and_reatings", "model": "vsconnectreatingwithcate"}}, {"model": "contenttypes.contenttype", "pk": 12, "fields": {"app_label": "django_summernote", "model": "attachment"}}, {"model": "contenttypes.contenttype", "pk": 13, "fields": {"app_label": "videos", "model": "vsvideos"}}, {"model": "contenttypes.contenttype", "pk": 14, "fields": {"app_label": "videos", "model": "vsrating"}}, {"model": "contenttypes.contenttype", "pk": 15, "fields": {"app_label": "videos", "model": "vscomments"}}, {"model": "contenttypes.contenttype", "pk": 16, "fields": {"app_label": "project_control", "model": "vssystemsettings"}}, {"model": "contenttypes.contenttype", "pk": 17, "fields": {"app_label": "favourite_videos", "model": "vsfavourite"}}, {"model": "contenttypes.contenttype", "pk": 18, "fields": {"app_label": "manage_cms_page", "model": "vscmspage"}}, {"model": "contenttypes.contenttype", "pk": 19, "fields": {"app_label": "home", "model": "vshomepagesettings"}}, {"model": "contenttypes.contenttype", "pk": 20, "fields": {"app_label": "videos", "model": "vsnonregisteruser"}}, {"model": "contenttypes.contenttype", "pk": 21, "fields": {"app_label": "favourite_videos", "model": "vssendemailfornewvideo"}}, {"model": "contenttypes.contenttype", "pk": 22, "fields": {"app_label": "subscription", "model": "vsusersubscriptionpayment"}}, {"model": "contenttypes.contenttype", "pk": 23, "fields": {"app_label": "subscription", "model": "vssubscription"}}, {"model": "contenttypes.contenttype", "pk": 24, "fields": {"app_label": "subscription", "model": "vspaypal"}}, {"model": "sessions.session", "pk": "01oym9i5jmsqiz74ie0uewzew3s5ktmz", "fields": {"session_data": "ZmNjZGRlMzNkYjhlOWFjNzYwMmRhYWY5MDQ3MjgzNWU3YmNhM2RlYjp7Il9hdXRoX3VzZXJfaWQiOiIzNSIsIl9hdXRoX3VzZXJfYmFja2VuZCI6InZpZGVvcHJvamVjdC5iYWNrZW5kcy5DYXNlSW5zZW5zaXRpdmVNb2RlbEJhY2tlbmQiLCJfYXV0aF91c2VyX2hhc2giOiJkYmU3MDQ1MWRmOGI5MWVjMzMyZDA0ZDkxNTQxN2E4Zjk3ZWI3MWU1In0=", "expire_date": "2020-07-06T21:49:55.836Z"}}, {"model": "sessions.session", "pk": "0mvrg1dos7nrabz8zibqhjx714tuxt61", "fields": {"session_data": "N2MxNTFjODRkM2EwN2UyNzM2MmFlOTZmMjIzNDRlYzU4Y2YzZjI2Mjp7Il9hdXRoX3VzZXJfaWQiOiIxIiwiX2F1dGhfdXNlcl9iYWNrZW5kIjoidmlkZW9wcm9qZWN0LmJhY2tlbmRzLkNhc2VJbnNlbnNpdGl2ZU1vZGVsQmFja2VuZCIsIl9hdXRoX3VzZXJfaGFzaCI6Ijk3M2NkNTM5NzY5MThlZTEwOGI2M2IxOTFlNjgxNDRmZmU3ZWQ4ODIifQ==", "expire_date": "2020-08-20T06:07:06.968Z"}}, {"model": "sessions.session", "pk": "0xp303ox5tx3c220hoe3k9osi67f0ucz", "fields": {"session_data": "ZjcwOGMzNzhiMzg5Yzk5YzliY2UzMzBhZGQ0MzY5ZTk4YzYzYzMyZTp7Il9hdXRoX3VzZXJfaWQiOiIxIiwiX2F1dGhfdXNlcl9iYWNrZW5kIjoiZGphbmdvLmNvbnRyaWIuYXV0aC5iYWNrZW5kcy5Nb2RlbEJhY2tlbmQiLCJfYXV0aF91c2VyX2hhc2giOiI5NzNjZDUzOTc2OTE4ZWUxMDhiNjNiMTkxZTY4MTQ0ZmZlN2VkODgyIn0=", "expire_date": "2020-06-29T19:55:34.866Z"}}, {"model": "sessions.session", "pk": "0zsjx2t4bji2aid5j9qg9szcky9jiqj1", "fields": {"session_data": "ZjcwOGMzNzhiMzg5Yzk5YzliY2UzMzBhZGQ0MzY5ZTk4YzYzYzMyZTp7Il9hdXRoX3VzZXJfaWQiOiIxIiwiX2F1dGhfdXNlcl9iYWNrZW5kIjoiZGphbmdvLmNvbnRyaWIuYXV0aC5iYWNrZW5kcy5Nb2RlbEJhY2tlbmQiLCJfYXV0aF91c2VyX2hhc2giOiI5NzNjZDUzOTc2OTE4ZWUxMDhiNjNiMTkxZTY4MTQ0ZmZlN2VkODgyIn0=", "expire_date": "2020-06-18T15:45:40.764Z"}}, {"model": "sessions.session", "pk": "1y0qe8i1l39twg3th0e5gjnq01quaax9", "fields": {"session_data": "ZjcwOGMzNzhiMzg5Yzk5YzliY2UzMzBhZGQ0MzY5ZTk4YzYzYzMyZTp7Il9hdXRoX3VzZXJfaWQiOiIxIiwiX2F1dGhfdXNlcl9iYWNrZW5kIjoiZGphbmdvLmNvbnRyaWIuYXV0aC5iYWNrZW5kcy5Nb2RlbEJhY2tlbmQiLCJfYXV0aF91c2VyX2hhc2giOiI5NzNjZDUzOTc2OTE4ZWUxMDhiNjNiMTkxZTY4MTQ0ZmZlN2VkODgyIn0=", "expire_date": "2020-06-23T20:59:15.657Z"}}, {"model": "sessions.session", "pk": "2g5g6lswrv6djueyccs1h9bdmzbia82b", "fields": {"session_data": "ZjcwOGMzNzhiMzg5Yzk5YzliY2UzMzBhZGQ0MzY5ZTk4YzYzYzMyZTp7Il9hdXRoX3VzZXJfaWQiOiIxIiwiX2F1dGhfdXNlcl9iYWNrZW5kIjoiZGphbmdvLmNvbnRyaWIuYXV0aC5iYWNrZW5kcy5Nb2RlbEJhY2tlbmQiLCJfYXV0aF91c2VyX2hhc2giOiI5NzNjZDUzOTc2OTE4ZWUxMDhiNjNiMTkxZTY4MTQ0ZmZlN2VkODgyIn0=", "expire_date": "2020-06-24T14:50:19.355Z"}}, {"model": "sessions.session", "pk": "2tu2vus9ba5olj8l7ehveqn5kste47d1", "fields": {"session_data": "ZmNjZGRlMzNkYjhlOWFjNzYwMmRhYWY5MDQ3MjgzNWU3YmNhM2RlYjp7Il9hdXRoX3VzZXJfaWQiOiIzNSIsIl9hdXRoX3VzZXJfYmFja2VuZCI6InZpZGVvcHJvamVjdC5iYWNrZW5kcy5DYXNlSW5zZW5zaXRpdmVNb2RlbEJhY2tlbmQiLCJfYXV0aF91c2VyX2hhc2giOiJkYmU3MDQ1MWRmOGI5MWVjMzMyZDA0ZDkxNTQxN2E4Zjk3ZWI3MWU1In0=", "expire_date": "2020-07-06T18:06:51.838Z"}}, {"model": "sessions.session", "pk": "3j2xdspsql9dm2i2nmis4sgnjgcego94", "fields": {"session_data": "ZjcwOGMzNzhiMzg5Yzk5YzliY2UzMzBhZGQ0MzY5ZTk4YzYzYzMyZTp7Il9hdXRoX3VzZXJfaWQiOiIxIiwiX2F1dGhfdXNlcl9iYWNrZW5kIjoiZGphbmdvLmNvbnRyaWIuYXV0aC5iYWNrZW5kcy5Nb2RlbEJhY2tlbmQiLCJfYXV0aF91c2VyX2hhc2giOiI5NzNjZDUzOTc2OTE4ZWUxMDhiNjNiMTkxZTY4MTQ0ZmZlN2VkODgyIn0=", "expire_date": "2020-06-11T11:13:52.667Z"}}, {"model": "sessions.session", "pk": "3m5o0gv1g4r7f449wua8ye5qskrqcinm", "fields": {"session_data": "YWU1OGZmNGIxNmNkODc4ZTllMTMyMDBkZjNjNjhkMmE1Y2RjMDU0Yjp7Il9hdXRoX3VzZXJfaWQiOiIxNCIsIl9hdXRoX3VzZXJfYmFja2VuZCI6InZpZGVvcHJvamVjdC5iYWNrZW5kcy5DYXNlSW5zZW5zaXRpdmVNb2RlbEJhY2tlbmQiLCJfYXV0aF91c2VyX2hhc2giOiIzZDVkODM4YmFmZjM3MjRkMTBlNGM0YzliZDY3NjkzNjQ4ZmRkZTI5In0=", "expire_date": "2020-07-04T18:34:23.327Z"}}, {"model": "sessions.session", "pk": "4d9icf9gl59w5vwogmuy65hrl9o9o0ue", "fields": {"session_data": "ZjcwOGMzNzhiMzg5Yzk5YzliY2UzMzBhZGQ0MzY5ZTk4YzYzYzMyZTp7Il9hdXRoX3VzZXJfaWQiOiIxIiwiX2F1dGhfdXNlcl9iYWNrZW5kIjoiZGphbmdvLmNvbnRyaWIuYXV0aC5iYWNrZW5kcy5Nb2RlbEJhY2tlbmQiLCJfYXV0aF91c2VyX2hhc2giOiI5NzNjZDUzOTc2OTE4ZWUxMDhiNjNiMTkxZTY4MTQ0ZmZlN2VkODgyIn0=", "expire_date": "2020-06-27T09:42:06.278Z"}}, {"model": "sessions.session", "pk": "4l1xjk6cdjxdnmrv94mkso7ydfq98mcv", "fields": {"session_data": "N2MxNTFjODRkM2EwN2UyNzM2MmFlOTZmMjIzNDRlYzU4Y2YzZjI2Mjp7Il9hdXRoX3VzZXJfaWQiOiIxIiwiX2F1dGhfdXNlcl9iYWNrZW5kIjoidmlkZW9wcm9qZWN0LmJhY2tlbmRzLkNhc2VJbnNlbnNpdGl2ZU1vZGVsQmFja2VuZCIsIl9hdXRoX3VzZXJfaGFzaCI6Ijk3M2NkNTM5NzY5MThlZTEwOGI2M2IxOTFlNjgxNDRmZmU3ZWQ4ODIifQ==", "expire_date": "2020-08-08T07:10:29.442Z"}}, {"model": "sessions.session", "pk": "4mewu6yfxjb021wuivcdz3aybwxqw66d", "fields": {"session_data": "NTVmMzU1YWI3NmZkYjE3NGI2OWFhMWQ5Mjc3MTQzNzAzNmE1NzI3Mzp7Il9hdXRoX3VzZXJfaWQiOiIxMCIsIl9hdXRoX3VzZXJfYmFja2VuZCI6InZpZGVvcHJvamVjdC5iYWNrZW5kcy5DYXNlSW5zZW5zaXRpdmVNb2RlbEJhY2tlbmQiLCJfYXV0aF91c2VyX2hhc2giOiIxYzk1MjA5YTJlYjA4MDE3Y2ZlNWJlNGRmZjU4OGVjYTFiYjg2NzllIn0=", "expire_date": "2020-07-01T15:02:14.037Z"}}, {"model": "sessions.session", "pk": "4pwmc1cg1pysf7l0huqluh9vx68ho6ci", "fields": {"session_data": "YTkxY2EyYjMwZDM4ZTAzNTZmMTMwM2I1OTg1ZmZkMWI5NjYzYjFmMjp7Il9hdXRoX3VzZXJfaWQiOiI3IiwiX2F1dGhfdXNlcl9iYWNrZW5kIjoidmlkZW9wcm9qZWN0LmJhY2tlbmRzLkNhc2VJbnNlbnNpdGl2ZU1vZGVsQmFja2VuZCIsIl9hdXRoX3VzZXJfaGFzaCI6IjMzMWM5MmUxNTdiNGNhYTE0ZTU2MmE1ZDQ5ZWYzYmVlZTkyYmM1ZTYifQ==", "expire_date": "2020-07-08T06:08:44.150Z"}}, {"model": "sessions.session", "pk": "4wtx41gzis8gbexch0gs5jekslbbyn2w", "fields": {"session_data": "ZjcwOGMzNzhiMzg5Yzk5YzliY2UzMzBhZGQ0MzY5ZTk4YzYzYzMyZTp7Il9hdXRoX3VzZXJfaWQiOiIxIiwiX2F1dGhfdXNlcl9iYWNrZW5kIjoiZGphbmdvLmNvbnRyaWIuYXV0aC5iYWNrZW5kcy5Nb2RlbEJhY2tlbmQiLCJfYXV0aF91c2VyX2hhc2giOiI5NzNjZDUzOTc2OTE4ZWUxMDhiNjNiMTkxZTY4MTQ0ZmZlN2VkODgyIn0=", "expire_date": "2020-06-16T16:20:18.672Z"}}, {"model": "sessions.session", "pk": "5i67imcoykum9tofybo4f47x1xhdbarw", "fields": {"session_data": "ZjcwOGMzNzhiMzg5Yzk5YzliY2UzMzBhZGQ0MzY5ZTk4YzYzYzMyZTp7Il9hdXRoX3VzZXJfaWQiOiIxIiwiX2F1dGhfdXNlcl9iYWNrZW5kIjoiZGphbmdvLmNvbnRyaWIuYXV0aC5iYWNrZW5kcy5Nb2RlbEJhY2tlbmQiLCJfYXV0aF91c2VyX2hhc2giOiI5NzNjZDUzOTc2OTE4ZWUxMDhiNjNiMTkxZTY4MTQ0ZmZlN2VkODgyIn0=", "expire_date": "2020-06-10T13:08:45.316Z"}}, {"model": "sessions.session", "pk": "6l99qmmiaavn2zqys73q2qdgcl96g7gt", "fields": {"session_data": "ZjcwOGMzNzhiMzg5Yzk5YzliY2UzMzBhZGQ0MzY5ZTk4YzYzYzMyZTp7Il9hdXRoX3VzZXJfaWQiOiIxIiwiX2F1dGhfdXNlcl9iYWNrZW5kIjoiZGphbmdvLmNvbnRyaWIuYXV0aC5iYWNrZW5kcy5Nb2RlbEJhY2tlbmQiLCJfYXV0aF91c2VyX2hhc2giOiI5NzNjZDUzOTc2OTE4ZWUxMDhiNjNiMTkxZTY4MTQ0ZmZlN2VkODgyIn0=", "expire_date": "2020-06-09T10:07:29.424Z"}}, {"model": "sessions.session", "pk": "8rjkvjpn3yr3u6dbqsyqgulyu213yend", "fields": {"session_data": "N2MxNTFjODRkM2EwN2UyNzM2MmFlOTZmMjIzNDRlYzU4Y2YzZjI2Mjp7Il9hdXRoX3VzZXJfaWQiOiIxIiwiX2F1dGhfdXNlcl9iYWNrZW5kIjoidmlkZW9wcm9qZWN0LmJhY2tlbmRzLkNhc2VJbnNlbnNpdGl2ZU1vZGVsQmFja2VuZCIsIl9hdXRoX3VzZXJfaGFzaCI6Ijk3M2NkNTM5NzY5MThlZTEwOGI2M2IxOTFlNjgxNDRmZmU3ZWQ4ODIifQ==", "expire_date": "2020-08-12T16:04:18.642Z"}}, {"model": "sessions.session", "pk": "8w5ivjm8bq3zbfbr4uwf41ox5npy5v5z", "fields": {"session_data": "ZjcwOGMzNzhiMzg5Yzk5YzliY2UzMzBhZGQ0MzY5ZTk4YzYzYzMyZTp7Il9hdXRoX3VzZXJfaWQiOiIxIiwiX2F1dGhfdXNlcl9iYWNrZW5kIjoiZGphbmdvLmNvbnRyaWIuYXV0aC5iYWNrZW5kcy5Nb2RlbEJhY2tlbmQiLCJfYXV0aF91c2VyX2hhc2giOiI5NzNjZDUzOTc2OTE4ZWUxMDhiNjNiMTkxZTY4MTQ0ZmZlN2VkODgyIn0=", "expire_date": "2020-06-24T02:31:32.632Z"}}, {"model": "sessions.session", "pk": "903xklbrt7x4x4ftj1pyr2vcgj0juju6", "fields": {"session_data": "ZjcwOGMzNzhiMzg5Yzk5YzliY2UzMzBhZGQ0MzY5ZTk4YzYzYzMyZTp7Il9hdXRoX3VzZXJfaWQiOiIxIiwiX2F1dGhfdXNlcl9iYWNrZW5kIjoiZGphbmdvLmNvbnRyaWIuYXV0aC5iYWNrZW5kcy5Nb2RlbEJhY2tlbmQiLCJfYXV0aF91c2VyX2hhc2giOiI5NzNjZDUzOTc2OTE4ZWUxMDhiNjNiMTkxZTY4MTQ0ZmZlN2VkODgyIn0=", "expire_date": "2020-06-27T16:57:59.302Z"}}, {"model": "sessions.session", "pk": "98jae4htlaw6bb2luqd7gfoynwfrnf2c", "fields": {"session_data": "ZjcwOGMzNzhiMzg5Yzk5YzliY2UzMzBhZGQ0MzY5ZTk4YzYzYzMyZTp7Il9hdXRoX3VzZXJfaWQiOiIxIiwiX2F1dGhfdXNlcl9iYWNrZW5kIjoiZGphbmdvLmNvbnRyaWIuYXV0aC5iYWNrZW5kcy5Nb2RlbEJhY2tlbmQiLCJfYXV0aF91c2VyX2hhc2giOiI5NzNjZDUzOTc2OTE4ZWUxMDhiNjNiMTkxZTY4MTQ0ZmZlN2VkODgyIn0=", "expire_date": "2020-06-03T14:13:50.370Z"}}, {"model": "sessions.session", "pk": "9gq3316qpti7iqu87pxzncnl4ofoetl9", "fields": {"session_data": "ZjcwOGMzNzhiMzg5Yzk5YzliY2UzMzBhZGQ0MzY5ZTk4YzYzYzMyZTp7Il9hdXRoX3VzZXJfaWQiOiIxIiwiX2F1dGhfdXNlcl9iYWNrZW5kIjoiZGphbmdvLmNvbnRyaWIuYXV0aC5iYWNrZW5kcy5Nb2RlbEJhY2tlbmQiLCJfYXV0aF91c2VyX2hhc2giOiI5NzNjZDUzOTc2OTE4ZWUxMDhiNjNiMTkxZTY4MTQ0ZmZlN2VkODgyIn0=", "expire_date": "2020-06-25T18:26:46.372Z"}}, {"model": "sessions.session", "pk": "9vrg03ffhdhobkulkrpj5v47fhrvwrby", "fields": {"session_data": "YjNhZGMzMDBmMWM5M2JjNmQwOWU2YzdlYTYwOTJlODM0OGI3MjU2Njp7Il9hdXRoX3VzZXJfaWQiOiI2IiwiX2F1dGhfdXNlcl9iYWNrZW5kIjoiZGphbmdvLmNvbnRyaWIuYXV0aC5iYWNrZW5kcy5Nb2RlbEJhY2tlbmQiLCJfYXV0aF91c2VyX2hhc2giOiJmYmFkY2FmZDQ4YWRmNzdiMWM5M2VhYTMyNDI3YjVlZjkwZTQ0MWQyIn0=", "expire_date": "2020-06-30T12:43:58.446Z"}}, {"model": "sessions.session", "pk": "b0sii3iugscmlp0j0avhj9xss4uthk5j", "fields": {"session_data": "ZjcwOGMzNzhiMzg5Yzk5YzliY2UzMzBhZGQ0MzY5ZTk4YzYzYzMyZTp7Il9hdXRoX3VzZXJfaWQiOiIxIiwiX2F1dGhfdXNlcl9iYWNrZW5kIjoiZGphbmdvLmNvbnRyaWIuYXV0aC5iYWNrZW5kcy5Nb2RlbEJhY2tlbmQiLCJfYXV0aF91c2VyX2hhc2giOiI5NzNjZDUzOTc2OTE4ZWUxMDhiNjNiMTkxZTY4MTQ0ZmZlN2VkODgyIn0=", "expire_date": "2020-06-22T11:43:12.349Z"}}, {"model": "sessions.session", "pk": "bcqvaadde9ceewpj9nfoqrcvefq4yo1t", "fields": {"session_data": "N2MxNTFjODRkM2EwN2UyNzM2MmFlOTZmMjIzNDRlYzU4Y2YzZjI2Mjp7Il9hdXRoX3VzZXJfaWQiOiIxIiwiX2F1dGhfdXNlcl9iYWNrZW5kIjoidmlkZW9wcm9qZWN0LmJhY2tlbmRzLkNhc2VJbnNlbnNpdGl2ZU1vZGVsQmFja2VuZCIsIl9hdXRoX3VzZXJfaGFzaCI6Ijk3M2NkNTM5NzY5MThlZTEwOGI2M2IxOTFlNjgxNDRmZmU3ZWQ4ODIifQ==", "expire_date": "2020-08-20T10:11:19.375Z"}}, {"model": "sessions.session", "pk": "c8y0fsc9319y2tca9ax9fylmn3q6shxf", "fields": {"session_data": "Mjk3MTM4MjgzNWMzYjdmMjU3NTJiNTNmNWU2MzY1OGQzMzY2NWIwMjp7Il9hdXRoX3VzZXJfaWQiOiI3IiwiX2F1dGhfdXNlcl9iYWNrZW5kIjoiZGphbmdvLmNvbnRyaWIuYXV0aC5iYWNrZW5kcy5Nb2RlbEJhY2tlbmQiLCJfYXV0aF91c2VyX2hhc2giOiIzMzFjOTJlMTU3YjRjYWExNGU1NjJhNWQ0OWVmM2JlZWU5MmJjNWU2In0=", "expire_date": "2020-06-27T10:13:48.009Z"}}, {"model": "sessions.session", "pk": "cgen34d3p4b1s34xmun3f1puv7pjpfll", "fields": {"session_data": "ZjcwOGMzNzhiMzg5Yzk5YzliY2UzMzBhZGQ0MzY5ZTk4YzYzYzMyZTp7Il9hdXRoX3VzZXJfaWQiOiIxIiwiX2F1dGhfdXNlcl9iYWNrZW5kIjoiZGphbmdvLmNvbnRyaWIuYXV0aC5iYWNrZW5kcy5Nb2RlbEJhY2tlbmQiLCJfYXV0aF91c2VyX2hhc2giOiI5NzNjZDUzOTc2OTE4ZWUxMDhiNjNiMTkxZTY4MTQ0ZmZlN2VkODgyIn0=", "expire_date": "2020-06-13T06:30:53.274Z"}}, {"model": "sessions.session", "pk": "cohor2az2enfuxwycm3cgso3fgx0zy71", "fields": {"session_data": "N2MxNTFjODRkM2EwN2UyNzM2MmFlOTZmMjIzNDRlYzU4Y2YzZjI2Mjp7Il9hdXRoX3VzZXJfaWQiOiIxIiwiX2F1dGhfdXNlcl9iYWNrZW5kIjoidmlkZW9wcm9qZWN0LmJhY2tlbmRzLkNhc2VJbnNlbnNpdGl2ZU1vZGVsQmFja2VuZCIsIl9hdXRoX3VzZXJfaGFzaCI6Ijk3M2NkNTM5NzY5MThlZTEwOGI2M2IxOTFlNjgxNDRmZmU3ZWQ4ODIifQ==", "expire_date": "2020-07-08T10:11:28.736Z"}}, {"model": "sessions.session", "pk": "d0lb9ktqmrcdt3j829kenh9i9342enxd", "fields": {"session_data": "YTkxY2EyYjMwZDM4ZTAzNTZmMTMwM2I1OTg1ZmZkMWI5NjYzYjFmMjp7Il9hdXRoX3VzZXJfaWQiOiI3IiwiX2F1dGhfdXNlcl9iYWNrZW5kIjoidmlkZW9wcm9qZWN0LmJhY2tlbmRzLkNhc2VJbnNlbnNpdGl2ZU1vZGVsQmFja2VuZCIsIl9hdXRoX3VzZXJfaGFzaCI6IjMzMWM5MmUxNTdiNGNhYTE0ZTU2MmE1ZDQ5ZWYzYmVlZTkyYmM1ZTYifQ==", "expire_date": "2020-08-03T14:16:24.423Z"}}, {"model": "sessions.session", "pk": "dmxh6o7ge0jy23kku2n650sblg95n5l0", "fields": {"session_data": "YTkxY2EyYjMwZDM4ZTAzNTZmMTMwM2I1OTg1ZmZkMWI5NjYzYjFmMjp7Il9hdXRoX3VzZXJfaWQiOiI3IiwiX2F1dGhfdXNlcl9iYWNrZW5kIjoidmlkZW9wcm9qZWN0LmJhY2tlbmRzLkNhc2VJbnNlbnNpdGl2ZU1vZGVsQmFja2VuZCIsIl9hdXRoX3VzZXJfaGFzaCI6IjMzMWM5MmUxNTdiNGNhYTE0ZTU2MmE1ZDQ5ZWYzYmVlZTkyYmM1ZTYifQ==", "expire_date": "2020-07-27T10:12:35.562Z"}}, {"model": "sessions.session", "pk": "e1kspkpohf0cmog74vunu89x6696t2k5", "fields": {"session_data": "OTFkMmUyMzYyZDllNzYxYmQwYmFiZDAwN2VhYjBlYjA5ZTY3MGY5ZDp7Il9hdXRoX3VzZXJfaWQiOiIxMCIsIl9hdXRoX3VzZXJfYmFja2VuZCI6ImRqYW5nby5jb250cmliLmF1dGguYmFja2VuZHMuTW9kZWxCYWNrZW5kIiwiX2F1dGhfdXNlcl9oYXNoIjoiOTRmNThlZTY0MGU5YmM3YzY2NTYxZmVkMjg5YmYxZDI0MzYxNTcyNyJ9", "expire_date": "2020-06-25T18:23:49.741Z"}}, {"model": "sessions.session", "pk": "fm83ysnksnt96cgrgrg37qo7du9dmdnr", "fields": {"session_data": "ZjcwOGMzNzhiMzg5Yzk5YzliY2UzMzBhZGQ0MzY5ZTk4YzYzYzMyZTp7Il9hdXRoX3VzZXJfaWQiOiIxIiwiX2F1dGhfdXNlcl9iYWNrZW5kIjoiZGphbmdvLmNvbnRyaWIuYXV0aC5iYWNrZW5kcy5Nb2RlbEJhY2tlbmQiLCJfYXV0aF91c2VyX2hhc2giOiI5NzNjZDUzOTc2OTE4ZWUxMDhiNjNiMTkxZTY4MTQ0ZmZlN2VkODgyIn0=", "expire_date": "2020-06-29T05:23:08.502Z"}}, {"model": "sessions.session", "pk": "g8mfrxkdt5slfy5qx1qwwg869i9teaxl", "fields": {"session_data": "ZjcwOGMzNzhiMzg5Yzk5YzliY2UzMzBhZGQ0MzY5ZTk4YzYzYzMyZTp7Il9hdXRoX3VzZXJfaWQiOiIxIiwiX2F1dGhfdXNlcl9iYWNrZW5kIjoiZGphbmdvLmNvbnRyaWIuYXV0aC5iYWNrZW5kcy5Nb2RlbEJhY2tlbmQiLCJfYXV0aF91c2VyX2hhc2giOiI5NzNjZDUzOTc2OTE4ZWUxMDhiNjNiMTkxZTY4MTQ0ZmZlN2VkODgyIn0=", "expire_date": "2020-06-14T12:30:53.999Z"}}, {"model": "sessions.session", "pk": "gxc2hnn7ogad14lxvrk8ck5db4yebj9a", "fields": {"session_data": "ZjcwOGMzNzhiMzg5Yzk5YzliY2UzMzBhZGQ0MzY5ZTk4YzYzYzMyZTp7Il9hdXRoX3VzZXJfaWQiOiIxIiwiX2F1dGhfdXNlcl9iYWNrZW5kIjoiZGphbmdvLmNvbnRyaWIuYXV0aC5iYWNrZW5kcy5Nb2RlbEJhY2tlbmQiLCJfYXV0aF91c2VyX2hhc2giOiI5NzNjZDUzOTc2OTE4ZWUxMDhiNjNiMTkxZTY4MTQ0ZmZlN2VkODgyIn0=", "expire_date": "2020-06-23T15:28:56.279Z"}}, {"model": "sessions.session", "pk": "homsf9le1f0x72dti42sxuh8njyxpjuh", "fields": {"session_data": "YTkxY2EyYjMwZDM4ZTAzNTZmMTMwM2I1OTg1ZmZkMWI5NjYzYjFmMjp7Il9hdXRoX3VzZXJfaWQiOiI3IiwiX2F1dGhfdXNlcl9iYWNrZW5kIjoidmlkZW9wcm9qZWN0LmJhY2tlbmRzLkNhc2VJbnNlbnNpdGl2ZU1vZGVsQmFja2VuZCIsIl9hdXRoX3VzZXJfaGFzaCI6IjMzMWM5MmUxNTdiNGNhYTE0ZTU2MmE1ZDQ5ZWYzYmVlZTkyYmM1ZTYifQ==", "expire_date": "2020-08-04T13:56:29.896Z"}}, {"model": "sessions.session", "pk": "j7atvhzxcil4gx3m8nrzxx0sznr97qya", "fields": {"session_data": "YTkxY2EyYjMwZDM4ZTAzNTZmMTMwM2I1OTg1ZmZkMWI5NjYzYjFmMjp7Il9hdXRoX3VzZXJfaWQiOiI3IiwiX2F1dGhfdXNlcl9iYWNrZW5kIjoidmlkZW9wcm9qZWN0LmJhY2tlbmRzLkNhc2VJbnNlbnNpdGl2ZU1vZGVsQmFja2VuZCIsIl9hdXRoX3VzZXJfaGFzaCI6IjMzMWM5MmUxNTdiNGNhYTE0ZTU2MmE1ZDQ5ZWYzYmVlZTkyYmM1ZTYifQ==", "expire_date": "2020-07-30T02:57:51.567Z"}}, {"model": "sessions.session", "pk": "k2ntuiwhlq2q4m0glht7u8kzyhabnmlj", "fields": {"session_data": "ZjcwOGMzNzhiMzg5Yzk5YzliY2UzMzBhZGQ0MzY5ZTk4YzYzYzMyZTp7Il9hdXRoX3VzZXJfaWQiOiIxIiwiX2F1dGhfdXNlcl9iYWNrZW5kIjoiZGphbmdvLmNvbnRyaWIuYXV0aC5iYWNrZW5kcy5Nb2RlbEJhY2tlbmQiLCJfYXV0aF91c2VyX2hhc2giOiI5NzNjZDUzOTc2OTE4ZWUxMDhiNjNiMTkxZTY4MTQ0ZmZlN2VkODgyIn0=", "expire_date": "2020-06-12T10:26:04.233Z"}}, {"model": "sessions.session", "pk": "k8zmfld8pg8u9abrsojp6bg2pfkj9bc9", "fields": {"session_data": "ZjcwOGMzNzhiMzg5Yzk5YzliY2UzMzBhZGQ0MzY5ZTk4YzYzYzMyZTp7Il9hdXRoX3VzZXJfaWQiOiIxIiwiX2F1dGhfdXNlcl9iYWNrZW5kIjoiZGphbmdvLmNvbnRyaWIuYXV0aC5iYWNrZW5kcy5Nb2RlbEJhY2tlbmQiLCJfYXV0aF91c2VyX2hhc2giOiI5NzNjZDUzOTc2OTE4ZWUxMDhiNjNiMTkxZTY4MTQ0ZmZlN2VkODgyIn0=", "expire_date": "2020-06-27T19:03:45.519Z"}}, {"model": "sessions.session", "pk": "kia6tvwmyaqbsg1tbvqhqqt63ycq6ab0", "fields": {"session_data": "ZjcwOGMzNzhiMzg5Yzk5YzliY2UzMzBhZGQ0MzY5ZTk4YzYzYzMyZTp7Il9hdXRoX3VzZXJfaWQiOiIxIiwiX2F1dGhfdXNlcl9iYWNrZW5kIjoiZGphbmdvLmNvbnRyaWIuYXV0aC5iYWNrZW5kcy5Nb2RlbEJhY2tlbmQiLCJfYXV0aF91c2VyX2hhc2giOiI5NzNjZDUzOTc2OTE4ZWUxMDhiNjNiMTkxZTY4MTQ0ZmZlN2VkODgyIn0=", "expire_date": "2020-06-08T06:42:14.546Z"}}, {"model": "sessions.session", "pk": "ktpd4ayyxvh55fw01ly40n8w8lae0w5s", "fields": {"session_data": "OTFkMmUyMzYyZDllNzYxYmQwYmFiZDAwN2VhYjBlYjA5ZTY3MGY5ZDp7Il9hdXRoX3VzZXJfaWQiOiIxMCIsIl9hdXRoX3VzZXJfYmFja2VuZCI6ImRqYW5nby5jb250cmliLmF1dGguYmFja2VuZHMuTW9kZWxCYWNrZW5kIiwiX2F1dGhfdXNlcl9oYXNoIjoiOTRmNThlZTY0MGU5YmM3YzY2NTYxZmVkMjg5YmYxZDI0MzYxNTcyNyJ9", "expire_date": "2020-06-23T08:55:17.164Z"}}, {"model": "sessions.session", "pk": "lcgzjfuir3z4750l8rjqqgs22nmc623a", "fields": {"session_data": "Mjk3MTM4MjgzNWMzYjdmMjU3NTJiNTNmNWU2MzY1OGQzMzY2NWIwMjp7Il9hdXRoX3VzZXJfaWQiOiI3IiwiX2F1dGhfdXNlcl9iYWNrZW5kIjoiZGphbmdvLmNvbnRyaWIuYXV0aC5iYWNrZW5kcy5Nb2RlbEJhY2tlbmQiLCJfYXV0aF91c2VyX2hhc2giOiIzMzFjOTJlMTU3YjRjYWExNGU1NjJhNWQ0OWVmM2JlZWU5MmJjNWU2In0=", "expire_date": "2020-06-16T08:31:28.102Z"}}, {"model": "sessions.session", "pk": "lyfgceiccefz0ul8zkvfzhtfuwwjb797", "fields": {"session_data": "ZjcwOGMzNzhiMzg5Yzk5YzliY2UzMzBhZGQ0MzY5ZTk4YzYzYzMyZTp7Il9hdXRoX3VzZXJfaWQiOiIxIiwiX2F1dGhfdXNlcl9iYWNrZW5kIjoiZGphbmdvLmNvbnRyaWIuYXV0aC5iYWNrZW5kcy5Nb2RlbEJhY2tlbmQiLCJfYXV0aF91c2VyX2hhc2giOiI5NzNjZDUzOTc2OTE4ZWUxMDhiNjNiMTkxZTY4MTQ0ZmZlN2VkODgyIn0=", "expire_date": "2020-06-17T08:54:42.511Z"}}, {"model": "sessions.session", "pk": "msq4sdzon142jhl1smu3nzr4xvc12h7y", "fields": {"session_data": "ZjcwOGMzNzhiMzg5Yzk5YzliY2UzMzBhZGQ0MzY5ZTk4YzYzYzMyZTp7Il9hdXRoX3VzZXJfaWQiOiIxIiwiX2F1dGhfdXNlcl9iYWNrZW5kIjoiZGphbmdvLmNvbnRyaWIuYXV0aC5iYWNrZW5kcy5Nb2RlbEJhY2tlbmQiLCJfYXV0aF91c2VyX2hhc2giOiI5NzNjZDUzOTc2OTE4ZWUxMDhiNjNiMTkxZTY4MTQ0ZmZlN2VkODgyIn0=", "expire_date": "2020-06-04T06:27:05.349Z"}}, {"model": "sessions.session", "pk": "owc8e7bh3ry7zx9klo3jzatu8klwo0yz", "fields": {"session_data": "N2MxNTFjODRkM2EwN2UyNzM2MmFlOTZmMjIzNDRlYzU4Y2YzZjI2Mjp7Il9hdXRoX3VzZXJfaWQiOiIxIiwiX2F1dGhfdXNlcl9iYWNrZW5kIjoidmlkZW9wcm9qZWN0LmJhY2tlbmRzLkNhc2VJbnNlbnNpdGl2ZU1vZGVsQmFja2VuZCIsIl9hdXRoX3VzZXJfaGFzaCI6Ijk3M2NkNTM5NzY5MThlZTEwOGI2M2IxOTFlNjgxNDRmZmU3ZWQ4ODIifQ==", "expire_date": "2020-08-12T12:31:46.939Z"}}, {"model": "sessions.session", "pk": "owktbnhghheruvxqfn9u02xavzk95ruh", "fields": {"session_data": "ZjcwOGMzNzhiMzg5Yzk5YzliY2UzMzBhZGQ0MzY5ZTk4YzYzYzMyZTp7Il9hdXRoX3VzZXJfaWQiOiIxIiwiX2F1dGhfdXNlcl9iYWNrZW5kIjoiZGphbmdvLmNvbnRyaWIuYXV0aC5iYWNrZW5kcy5Nb2RlbEJhY2tlbmQiLCJfYXV0aF91c2VyX2hhc2giOiI5NzNjZDUzOTc2OTE4ZWUxMDhiNjNiMTkxZTY4MTQ0ZmZlN2VkODgyIn0=", "expire_date": "2020-06-29T20:34:58.065Z"}}, {"model": "sessions.session", "pk": "phqhza3nw4c3wful8qg65kwry033yppo", "fields": {"session_data": "N2MxNTFjODRkM2EwN2UyNzM2MmFlOTZmMjIzNDRlYzU4Y2YzZjI2Mjp7Il9hdXRoX3VzZXJfaWQiOiIxIiwiX2F1dGhfdXNlcl9iYWNrZW5kIjoidmlkZW9wcm9qZWN0LmJhY2tlbmRzLkNhc2VJbnNlbnNpdGl2ZU1vZGVsQmFja2VuZCIsIl9hdXRoX3VzZXJfaGFzaCI6Ijk3M2NkNTM5NzY5MThlZTEwOGI2M2IxOTFlNjgxNDRmZmU3ZWQ4ODIifQ==", "expire_date": "2020-07-02T12:30:05.172Z"}}, {"model": "sessions.session", "pk": "q14emjbra1s6c1fxdoz3gkblzc6v9kyf", "fields": {"session_data": "N2MxNTFjODRkM2EwN2UyNzM2MmFlOTZmMjIzNDRlYzU4Y2YzZjI2Mjp7Il9hdXRoX3VzZXJfaWQiOiIxIiwiX2F1dGhfdXNlcl9iYWNrZW5kIjoidmlkZW9wcm9qZWN0LmJhY2tlbmRzLkNhc2VJbnNlbnNpdGl2ZU1vZGVsQmFja2VuZCIsIl9hdXRoX3VzZXJfaGFzaCI6Ijk3M2NkNTM5NzY5MThlZTEwOGI2M2IxOTFlNjgxNDRmZmU3ZWQ4ODIifQ==", "expire_date": "2020-08-10T06:03:08.772Z"}}, {"model": "sessions.session", "pk": "q1f23t29nm1wy4jq997886ao5dbk31l3", "fields": {"session_data": "ZjcwOGMzNzhiMzg5Yzk5YzliY2UzMzBhZGQ0MzY5ZTk4YzYzYzMyZTp7Il9hdXRoX3VzZXJfaWQiOiIxIiwiX2F1dGhfdXNlcl9iYWNrZW5kIjoiZGphbmdvLmNvbnRyaWIuYXV0aC5iYWNrZW5kcy5Nb2RlbEJhY2tlbmQiLCJfYXV0aF91c2VyX2hhc2giOiI5NzNjZDUzOTc2OTE4ZWUxMDhiNjNiMTkxZTY4MTQ0ZmZlN2VkODgyIn0=", "expire_date": "2020-06-26T09:14:54.243Z"}}, {"model": "sessions.session", "pk": "rid4fymeqt6m6ts009r7uxhczs1xsvrp", "fields": {"session_data": "ZjcwOGMzNzhiMzg5Yzk5YzliY2UzMzBhZGQ0MzY5ZTk4YzYzYzMyZTp7Il9hdXRoX3VzZXJfaWQiOiIxIiwiX2F1dGhfdXNlcl9iYWNrZW5kIjoiZGphbmdvLmNvbnRyaWIuYXV0aC5iYWNrZW5kcy5Nb2RlbEJhY2tlbmQiLCJfYXV0aF91c2VyX2hhc2giOiI5NzNjZDUzOTc2OTE4ZWUxMDhiNjNiMTkxZTY4MTQ0ZmZlN2VkODgyIn0=", "expire_date": "2020-06-15T10:06:47.953Z"}}, {"model": "sessions.session", "pk": "rv6ymsq9mbybfq0prtapxcfj402bt35l", "fields": {"session_data": "NTg1OTE2N2M3ZWIxMGI0M2UwYWQ3MmZiZDYwNWZhMWZiN2M3YmM4MTp7Il9wYXNzd29yZF9yZXNldF90b2tlbiI6IjVneS1kMGFjYmVhNzM3Nzg5ZDk0MzJkNSJ9", "expire_date": "2020-06-14T12:26:20.903Z"}}, {"model": "sessions.session", "pk": "s8mkduqvog9znopstufq6xsukf5kfyok", "fields": {"session_data": "ZjcwOGMzNzhiMzg5Yzk5YzliY2UzMzBhZGQ0MzY5ZTk4YzYzYzMyZTp7Il9hdXRoX3VzZXJfaWQiOiIxIiwiX2F1dGhfdXNlcl9iYWNrZW5kIjoiZGphbmdvLmNvbnRyaWIuYXV0aC5iYWNrZW5kcy5Nb2RlbEJhY2tlbmQiLCJfYXV0aF91c2VyX2hhc2giOiI5NzNjZDUzOTc2OTE4ZWUxMDhiNjNiMTkxZTY4MTQ0ZmZlN2VkODgyIn0=", "expire_date": "2020-06-16T08:01:03.217Z"}}, {"model": "sessions.session", "pk": "t0l5f7pehtmdsexxd4ujwh0atbybhsjw", "fields": {"session_data": "OTg1ZjNhMDg3YWY4ZTEyNjBlODUwMzRmMzQyZDljZDViOTRmMThiODp7Il9hdXRoX3VzZXJfaWQiOiIyMSIsIl9hdXRoX3VzZXJfYmFja2VuZCI6ImRqYW5nby5jb250cmliLmF1dGguYmFja2VuZHMuTW9kZWxCYWNrZW5kIiwiX2F1dGhfdXNlcl9oYXNoIjoiZWRmNDAwZDA2MzEwYjMwMjFkNmQwM2M3OTYxYjAzOWNlZGM0YWI0ZiJ9", "expire_date": "2020-06-30T02:10:03.153Z"}}, {"model": "sessions.session", "pk": "tb0tgtso6oq9a7y9idcuvb7o2cla0psi", "fields": {"session_data": "M2FiZWY0MmQ4YjI1NDY5M2IwZGU2NzIwOGIxNzNmNjc2MWQyNWRmODp7Il9wYXNzd29yZF9yZXNldF90b2tlbiI6IjVoMi02NGY3NThiNTI3YjdhNWRjMmExYSJ9", "expire_date": "2020-06-18T09:10:10.427Z"}}, {"model": "sessions.session", "pk": "to2x1vjzl2hiradqiiz5gvel4jf2w85l", "fields": {"session_data": "ZjcwOGMzNzhiMzg5Yzk5YzliY2UzMzBhZGQ0MzY5ZTk4YzYzYzMyZTp7Il9hdXRoX3VzZXJfaWQiOiIxIiwiX2F1dGhfdXNlcl9iYWNrZW5kIjoiZGphbmdvLmNvbnRyaWIuYXV0aC5iYWNrZW5kcy5Nb2RlbEJhY2tlbmQiLCJfYXV0aF91c2VyX2hhc2giOiI5NzNjZDUzOTc2OTE4ZWUxMDhiNjNiMTkxZTY4MTQ0ZmZlN2VkODgyIn0=", "expire_date": "2020-06-13T14:52:27.568Z"}}, {"model": "sessions.session", "pk": "tpa00fcnw3j4ap9mytemofez6kf1e6p0", "fields": {"session_data": "ZjcwOGMzNzhiMzg5Yzk5YzliY2UzMzBhZGQ0MzY5ZTk4YzYzYzMyZTp7Il9hdXRoX3VzZXJfaWQiOiIxIiwiX2F1dGhfdXNlcl9iYWNrZW5kIjoiZGphbmdvLmNvbnRyaWIuYXV0aC5iYWNrZW5kcy5Nb2RlbEJhY2tlbmQiLCJfYXV0aF91c2VyX2hhc2giOiI5NzNjZDUzOTc2OTE4ZWUxMDhiNjNiMTkxZTY4MTQ0ZmZlN2VkODgyIn0=", "expire_date": "2020-06-05T04:57:37.469Z"}}, {"model": "sessions.session", "pk": "v8vqvqbehmxg9jgi3b5gxhns6ppgmsqi", "fields": {"session_data": "NzJlZmQyNWMwNzk0NjA5NzM5NDg4YTY1N2I5ZDI1ZWQ3Y2EwZDdiYTp7Il9hdXRoX3VzZXJfaWQiOiI0MyIsIl9hdXRoX3VzZXJfYmFja2VuZCI6InZpZGVvcHJvamVjdC5iYWNrZW5kcy5DYXNlSW5zZW5zaXRpdmVNb2RlbEJhY2tlbmQiLCJfYXV0aF91c2VyX2hhc2giOiIwMmEwY2RkOGNiYjFjYjJhYWVmNDJkMDZjYTNiZjQ1MWY4ZGVkZDRiIn0=", "expire_date": "2020-07-22T19:09:03.813Z"}}, {"model": "sessions.session", "pk": "vnp51018snt5vo55gwjdw576677xhy9i", "fields": {"session_data": "ZjcwOGMzNzhiMzg5Yzk5YzliY2UzMzBhZGQ0MzY5ZTk4YzYzYzMyZTp7Il9hdXRoX3VzZXJfaWQiOiIxIiwiX2F1dGhfdXNlcl9iYWNrZW5kIjoiZGphbmdvLmNvbnRyaWIuYXV0aC5iYWNrZW5kcy5Nb2RlbEJhY2tlbmQiLCJfYXV0aF91c2VyX2hhc2giOiI5NzNjZDUzOTc2OTE4ZWUxMDhiNjNiMTkxZTY4MTQ0ZmZlN2VkODgyIn0=", "expire_date": "2020-06-24T13:34:33.636Z"}}, {"model": "sessions.session", "pk": "x35nkddagtdozh126j8b35hxrrxkq72t", "fields": {"session_data": "N2MxNTFjODRkM2EwN2UyNzM2MmFlOTZmMjIzNDRlYzU4Y2YzZjI2Mjp7Il9hdXRoX3VzZXJfaWQiOiIxIiwiX2F1dGhfdXNlcl9iYWNrZW5kIjoidmlkZW9wcm9qZWN0LmJhY2tlbmRzLkNhc2VJbnNlbnNpdGl2ZU1vZGVsQmFja2VuZCIsIl9hdXRoX3VzZXJfaGFzaCI6Ijk3M2NkNTM5NzY5MThlZTEwOGI2M2IxOTFlNjgxNDRmZmU3ZWQ4ODIifQ==", "expire_date": "2020-08-13T14:15:51.336Z"}}, {"model": "sessions.session", "pk": "z5fnuzeh1yrlcbbygrjln9nzf5x8ek5h", "fields": {"session_data": "ZjcwOGMzNzhiMzg5Yzk5YzliY2UzMzBhZGQ0MzY5ZTk4YzYzYzMyZTp7Il9hdXRoX3VzZXJfaWQiOiIxIiwiX2F1dGhfdXNlcl9iYWNrZW5kIjoiZGphbmdvLmNvbnRyaWIuYXV0aC5iYWNrZW5kcy5Nb2RlbEJhY2tlbmQiLCJfYXV0aF91c2VyX2hhc2giOiI5NzNjZDUzOTc2OTE4ZWUxMDhiNjNiMTkxZTY4MTQ0ZmZlN2VkODgyIn0=", "expire_date": "2020-06-19T07:06:44.310Z"}}, {"model": "sessions.session", "pk": "zi8u9spr4pvt8r9q2bqd8vv873q6itqt", "fields": {"session_data": "N2MxNTFjODRkM2EwN2UyNzM2MmFlOTZmMjIzNDRlYzU4Y2YzZjI2Mjp7Il9hdXRoX3VzZXJfaWQiOiIxIiwiX2F1dGhfdXNlcl9iYWNrZW5kIjoidmlkZW9wcm9qZWN0LmJhY2tlbmRzLkNhc2VJbnNlbnNpdGl2ZU1vZGVsQmFja2VuZCIsIl9hdXRoX3VzZXJfaGFzaCI6Ijk3M2NkNTM5NzY5MThlZTEwOGI2M2IxOTFlNjgxNDRmZmU3ZWQ4ODIifQ==", "expire_date": "2020-07-01T15:02:05.952Z"}}, {"model": "sessions.session", "pk": "zsrcedvj54axrzop9gir0up7l3f0wfjf", "fields": {"session_data": "Mjk3MTM4MjgzNWMzYjdmMjU3NTJiNTNmNWU2MzY1OGQzMzY2NWIwMjp7Il9hdXRoX3VzZXJfaWQiOiI3IiwiX2F1dGhfdXNlcl9iYWNrZW5kIjoiZGphbmdvLmNvbnRyaWIuYXV0aC5iYWNrZW5kcy5Nb2RlbEJhY2tlbmQiLCJfYXV0aF91c2VyX2hhc2giOiIzMzFjOTJlMTU3YjRjYWExNGU1NjJhNWQ0OWVmM2JlZWU5MmJjNWU2In0=", "expire_date": "2020-06-19T16:31:25.800Z"}}, {"model": "sessions.session", "pk": "zzoy1k31yh0677ioyksgby1gbwvxisia", "fields": {"session_data": "ZjcwOGMzNzhiMzg5Yzk5YzliY2UzMzBhZGQ0MzY5ZTk4YzYzYzMyZTp7Il9hdXRoX3VzZXJfaWQiOiIxIiwiX2F1dGhfdXNlcl9iYWNrZW5kIjoiZGphbmdvLmNvbnRyaWIuYXV0aC5iYWNrZW5kcy5Nb2RlbEJhY2tlbmQiLCJfYXV0aF91c2VyX2hhc2giOiI5NzNjZDUzOTc2OTE4ZWUxMDhiNjNiMTkxZTY4MTQ0ZmZlN2VkODgyIn0=", "expire_date": "2020-06-06T05:57:35.803Z"}}, {"model": "django_summernote.attachment", "pk": 1, "fields": {"name": "about-1.jpg", "file": "django-summernote/2020-05-27/69daf46c-c7c3-4de8-b755-865a4078cbdd.jpg", "uploaded": "2020-05-27T13:12:36.449Z"}}, {"model": "django_summernote.attachment", "pk": 2, "fields": {"name": "about-2.jpg", "file": "django-summernote/2020-05-27/9274fa9a-341a-4645-bf8d-7a9636c26f9d.jpg", "uploaded": "2020-05-27T13:13:32.201Z"}}, {"model": "django_summernote.attachment", "pk": 3, "fields": {"name": "about-1.jpg", "file": "django-summernote/2020-06-03/de8ffc81-1eb9-4018-952f-b89bc3024032.jpg", "uploaded": "2020-06-03T08:59:31.355Z"}}, {"model": "django_summernote.attachment", "pk": 4, "fields": {"name": "about-2.jpg", "file": "django-summernote/2020-06-03/79a05926-a015-4ea9-bcf8-429dbc92e450.jpg", "uploaded": "2020-06-03T09:01:22.208Z"}}, {"model": "videos.vsvideos", "pk": 5, "fields": {"Videos_Title": "GIVE YOUR VIDEO TITLE", "Videos_id": "9DKJLW7X8X", "Videos_Slug": "give-your-video-title", "Categoryes": 4, "Sub_Categoryes": null, "Video": "videos/Deepak_Patel/2020/5/22/videoplayback_1.mp4", "Video_thumbnail": "videos/Deepak_Patel/2020/5/22/thumbnail/22_5_2020_396136.png", "Publich_Status": true, "Country": "England", "Description": "<p><span style=\"color: rgb(51, 51, 51); font-size: 16px;\">Lorem Ipsum is simply dummy text of the printing and typesetting industry. Lorem Ipsum has been the industry's standard dummy text ever since the 1500s, when an unknown printer took a galley of type and scrambled it to make a type specimen book. It has survived not only five centuries, but also the leap into electronic typesetting, remaining essentially unchanged. It was popularised in the 1960s with the release of Letraset sheets containing Lorem Ipsum passages, and more recently with desktop publishing software like Aldus PageMaker including versions of Lorem Ipsum.</span><br></p>", "Meta_Title": "META TITLE", "Meta_keyword": "META KAYWORD", "Meta_description": "Lorem Ipsum is simply dummy text of the printing and typesetting industry. Lorem Ipsum has been the industry's standard dummy text ever since the 1500s, when an unknown printer took a galley of type and scrambled it to make a type specimen book. It has survived not only five centuries, but also the leap into electronic typesetting, remaining essentially unchanged. It was popularised in the 1960s with the release of Letraset sheets containing Lorem Ipsum passages, and more recently with desktop publishing software like Aldus PageMaker including versions of Lorem Ipsum.", "Created_date": "2020-05-22T12:04:52.066Z", "Views": 0, "Reating": 0, "Updated_date": "2020-05-22T12:04:52.066Z", "mail_send_status": false, "Created_By": 3}}, {"model": "videos.vsvideos", "pk": 6, "fields": {"Videos_Title": "bailando (original)", "Videos_id": "E7FIW9D294", "Videos_Slug": "bailando-original-CTFW", "Categoryes": 4, "Sub_Categoryes": null, "Video": "videos/Deepak_Patel/2020/5/22/videoplayback.mp4", "Video_thumbnail": "videos/Deepak_Patel/2020/5/22/thumbnail/22_5_2020_395652.png", "Publich_Status": true, "Country": "new york", "Description": "<p><span style=\"color: rgb(51, 51, 51); font-size: 16px;\">Lorem Ipsum is simply dummy text of the printing and typesetting industry. Lorem Ipsum has been the industry's standard dummy text ever since the 1500s, when an unknown printer took a galley of type and scrambled it to make a type specimen book. It has survived not only five centuries, but also the leap into electronic typesetting, remaining essentially unchanged. It was popularised in the 1960s with the release of Letraset sheets containing Lorem Ipsum passages, and more recently with desktop publishing software like Aldus PageMaker including versions of Lorem Ipsum.</span><br></p>", "Meta_Title": "META TITLE", "Meta_keyword": "META KAYWORD", "Meta_description": "Lorem Ipsum is simply dummy text of the printing and typesetting industry. Lorem Ipsum has been the industry's standard dummy text ever since the 1500s, when an unknown printer took a galley of type and scrambled it to make a type specimen book. It has survived not only five centuries, but also the leap into electronic typesetting, remaining essentially unchanged. It was popularised in the 1960s with the release of Letraset sheets containing Lorem Ipsum passages, and more recently with desktop publishing software like Aldus PageMaker including versions of Lorem Ipsum.", "Created_date": "2020-05-22T12:06:22.251Z", "Views": 2, "Reating": 3, "Updated_date": "2020-05-22T12:06:22.251Z", "mail_send_status": false, "Created_By": 3}}, {"model": "videos.vsvideos", "pk": 7, "fields": {"Videos_Title": "celine Dion - My Heart Will Go On", "Videos_id": "62D5NJDC50", "Videos_Slug": "celine-dion-my-heart-will-go-on-84VD", "Categoryes": 3, "Sub_Categoryes": 3, "Video": "videos/Deepak_Patel/2020/5/22/C\u00e9line_Dion_-_My_Heart_Will_Go_On.webm", "Video_thumbnail": "videos/Deepak_Patel/2020/5/22/thumbnail/22_5_2020_855911.png", "Publich_Status": true, "Country": "England", "Description": "<p><span style=\"color: rgb(51, 51, 51); font-size: 16px;\">Lorem Ipsum is simply dummy text of the printing and typesetting industry. Lorem Ipsum has been the industry's standard dummy text ever since the 1500s, when an unknown printer took a galley of type and scrambled it to make a type specimen book. It has survived not only five centuries, but also the leap into electronic typesetting, remaining essentially unchanged. It was popularised in the 1960s with the release of Letraset sheets containing Lorem Ipsum passages, and more recently with desktop publishing software like Aldus PageMaker including versions of Lorem Ipsum.</span><br></p>", "Meta_Title": "META TITLE", "Meta_keyword": "META KAYWORD", "Meta_description": "Lorem Ipsum is simply dummy text of the printing and typesetting industry. Lorem Ipsum has been the industry's standard dummy text ever since the 1500s, when an unknown printer took a galley of type and scrambled it to make a type specimen book. It has survived not only five centuries, but also the leap into electronic typesetting, remaining essentially unchanged. It was popularised in the 1960s with the release of Letraset sheets containing Lorem Ipsum passages, and more recently with desktop publishing software like Aldus PageMaker including versions of Lorem Ipsum.", "Created_date": "2020-05-22T12:08:04Z", "Views": 3, "Reating": 5, "Updated_date": "2020-05-22T12:08:04Z", "mail_send_status": false, "Created_By": 3}}, {"model": "videos.vsvideos", "pk": 8, "fields": {"Videos_Title": "C\u00e9line Dion - My Heart Will Go On", "Videos_id": "DYE3Y9M82Q", "Videos_Slug": "celine-dion-my-heart-will-go-on-3T5M", "Categoryes": 4, "Sub_Categoryes": null, "Video": "videos/Deepak_Patel/2020/5/22/BAILANDO_original.webm", "Video_thumbnail": "videos/Deepak_Patel/2020/5/22/thumbnail/22_5_2020_583493.png", "Publich_Status": true, "Country": "Alfonso", "Description": "<p><span style=\"color: rgb(51, 51, 51); font-size: 16px;\">Lorem Ipsum is simply dummy text of the printing and typesetting industry. Lorem Ipsum has been the industry's standard dummy text ever since the 1500s, when an unknown printer took a galley of type and scrambled it to make a type specimen book. It has survived not only five centuries, but also the leap into electronic typesetting, remaining essentially unchanged. It was popularised in the 1960s with the release of Letraset sheets containing Lorem Ipsum passages, and more recently with desktop publishing software like Aldus PageMaker including versions of Lorem Ipsum.</span><br></p>", "Meta_Title": "META TITLE", "Meta_keyword": "META KAYWORD", "Meta_description": "Lorem Ipsum is simply dummy text of the printing and typesetting industry. Lorem Ipsum has been the industry's standard dummy text ever since the 1500s, when an unknown printer took a galley of type and scrambled it to make a type specimen book. It has survived not only five centuries, but also the leap into electronic typesetting, remaining essentially unchanged. It was popularised in the 1960s with the release of Letraset sheets containing Lorem Ipsum passages, and more recently with desktop publishing software like Aldus PageMaker including versions of Lorem Ipsum.", "Created_date": "2020-05-22T12:10:52.814Z", "Views": 3, "Reating": 3, "Updated_date": "2020-05-22T12:10:52.814Z", "mail_send_status": false, "Created_By": 3}}, {"model": "videos.vsvideos", "pk": 9, "fields": {"Videos_Title": "videoplayback (1)", "Videos_id": "7ULDEAUYWZ", "Videos_Slug": "videoplayback-1-XUTB", "Categoryes": 1, "Sub_Categoryes": null, "Video": "videos/Deepak_Patel/2020/5/22/videoplayback_1_2E9hOa7.mp4", "Video_thumbnail": "videos/Deepak_Patel/2020/5/22/thumbnail/22_5_2020_817639.png", "Publich_Status": true, "Country": "new york", "Description": "<p><span style=\"color: rgb(51, 51, 51); font-size: 16px;\">Lorem Ipsum is simply dummy text of the printing and typesetting industry. Lorem Ipsum has been the industry's standard dummy text ever since the 1500s, when an unknown printer took a galley of type and scrambled it to make a type specimen book. It has survived not only five centuries, but also the leap into electronic typesetting, remaining essentially unchanged. It was popularised in the 1960s with the release of Letraset sheets containing Lorem Ipsum passages, and more recently with desktop publishing software like Aldus PageMaker including versions of Lorem Ipsum.</span><br></p>", "Meta_Title": "META TITLE", "Meta_keyword": "META KAYWORD", "Meta_description": "Lorem Ipsum is simply dummy text of the printing and typesetting industry. Lorem Ipsum has been the industry's standard dummy text ever since the 1500s, when an unknown printer took a galley of type and scrambled it to make a type specimen book. It has survived not only five centuries, but also the leap into electronic typesetting, remaining essentially unchanged. It was popularised in the 1960s with the release of Letraset sheets containing Lorem Ipsum passages, and more recently with desktop publishing software like Aldus PageMaker including versions of Lorem Ipsum.", "Created_date": "2020-05-22T12:12:46.170Z", "Views": 0, "Reating": 0, "Updated_date": "2020-05-22T12:12:46.170Z", "mail_send_status": true, "Created_By": 3}}, {"model": "videos.vsvideos", "pk": 10, "fields": {"Videos_Title": "Hostel - Stand Up Comedy ft. Anubhav Singh Bassi", "Videos_id": "Y4JV646TXL", "Videos_Slug": "hostel-stand-up-comedy-ft-anubhav-singh-bassi", "Categoryes": 2, "Sub_Categoryes": null, "Video": "videos/Deepak_Patel/2020/5/22/Hostel_-_Stand_Up_Comedy_ft._Anubhav_Singh_Bassi.mp4", "Video_thumbnail": "videos/Deepak_Patel/2020/5/22/thumbnail/22_5_2020_730976.png", "Publich_Status": true, "Country": "India", "Description": "<p><span style=\"color: rgb(51, 51, 51); font-size: 16px;\">Lorem Ipsum is simply dummy text of the printing and typesetting industry. Lorem Ipsum has been the industry's standard dummy text ever since the 1500s, when an unknown printer took a galley of type and scrambled it to make a type specimen book. It has survived not only five centuries, but also the leap into electronic typesetting, remaining essentially unchanged. It was popularised in the 1960s with the release of Letraset sheets containing Lorem Ipsum passages, and more recently with desktop publishing software like Aldus PageMaker including versions of Lorem Ipsum.</span><br></p>", "Meta_Title": "META TITLE", "Meta_keyword": "META KAYWORD", "Meta_description": "Lorem Ipsum is simply dummy text of the printing and typesetting industry. Lorem Ipsum has been the industry's standard dummy text ever since the 1500s, when an unknown printer took a galley of type and scrambled it to make a type specimen book. It has survived not only five centuries, but also the leap into electronic typesetting, remaining essentially unchanged. It was popularised in the 1960s with the release of Letraset sheets containing Lorem Ipsum passages, and more recently with desktop publishing software like Aldus PageMaker including versions of Lorem Ipsum.", "Created_date": "2020-05-22T12:14:35.271Z", "Views": 5, "Reating": 8, "Updated_date": "2020-05-22T12:14:35.271Z", "mail_send_status": true, "Created_By": 3}}, {"model": "videos.vsvideos", "pk": 17, "fields": {"Videos_Title": "Fashion show", "Videos_id": "RNVW5TB428", "Videos_Slug": "fashion-show", "Categoryes": 1, "Sub_Categoryes": null, "Video": "videos/Mohit_Chack/2020/5/27/videoplayback_1.mp4", "Video_thumbnail": "videos/Mohit_Chack/2020/5/27/thumbnail/27_5_2020_455110.png", "Publich_Status": true, "Country": "new york", "Description": "<p><span style=\"color: rgb(51, 51, 51); font-family: &quot;Helvetica Neue&quot;, Helvetica, Arial, sans-serif; font-size: 22px; text-align: center; background-color: rgb(246, 248, 247);\">Nam liber tempor cum soluta nobis eleifend option congue nihil imperdiet doming id quod mazim placerat facer possim assum. Typi non habent claritatem insitam; est usus legentis in iis qui facit eorum</span><br></p>", "Meta_Title": "META TITLE", "Meta_keyword": "META KAYWORD", "Meta_description": "Nam liber tempor cum soluta nobis eleifend option congue nihil imperdiet doming id quod mazim placerat facer possim assum. Typi non habent claritatem insitam; est usus legentis in iis qui facit eorum", "Created_date": "2020-05-27T14:46:25Z", "Views": 4, "Reating": 0, "Updated_date": "2020-05-27T14:46:25Z", "mail_send_status": true, "Created_By": 5}}, {"model": "videos.vsvideos", "pk": 18, "fields": {"Videos_Title": "bailando (original)", "Videos_id": "JL6KNQVNPJ", "Videos_Slug": "bailando-original-Y4GH", "Categoryes": 3, "Sub_Categoryes": 4, "Video": "videos/Mohit_Chack/2020/5/27/BAILANDO_original.webm", "Video_thumbnail": "videos/Mohit_Chack/2020/5/27/thumbnail/27_5_2020_927455.png", "Publich_Status": true, "Country": "Alfonso", "Description": "<p><span style=\"color: rgb(51, 51, 51); font-family: &quot;Helvetica Neue&quot;, Helvetica, Arial, sans-serif; font-size: 22px; text-align: center; background-color: rgb(246, 248, 247);\">Nam liber tempor cum soluta nobis eleifend option congue nihil imperdiet doming id quod mazim placerat facer possim assum. Typi non habent claritatem insitam; est usus legentis in iis qui facit eorum</span><br></p>", "Meta_Title": "META TITLE", "Meta_keyword": "META KAYWORD", "Meta_description": "Nam liber tempor cum soluta nobis eleifend option congue nihil imperdiet doming id quod mazim placerat facer possim assum. Typi non habent claritatem insitam; est usus legentis in iis qui facit eorum", "Created_date": "2020-05-27T14:51:21Z", "Views": 0, "Reating": 0, "Updated_date": "2020-05-27T14:51:21Z", "mail_send_status": true, "Created_By": 5}}, {"model": "videos.vsvideos", "pk": 20, "fields": {"Videos_Title": "Gali Gali Mein....", "Videos_id": "VR60D98YL7", "Videos_Slug": "gali-gali-mein", "Categoryes": 6, "Sub_Categoryes": null, "Video": "videos/jitendra/2020/5/27/4_5801178405055521337.mp4", "Video_thumbnail": "videos/jitendra/2020/5/27/thumbnail/27_5_2020_579675.png", "Publich_Status": true, "Country": "India", "Description": "<p><span style=\"color: rgb(34, 34, 34); font-family: proxima-regular1, Calibri; font-size: 18px; letter-spacing: 0.5px;\">The song has recreated the eighties song 'Gali gali mein firta...' from the film 'Tridev, which originally featured Sangeeta Bijlani and&nbsp;</span><a class=\"linelink\" href=\"https://timesofindia.indiatimes.com/topic/Jackie-Shroff\" style=\"box-sizing: initial; color: rgb(0, 0, 0); outline: 0px; cursor: pointer; display: inline; font-family: proxima-semibold; opacity: 0.8; font-size: 18px; letter-spacing: 0.5px; background-color: rgb(255, 255, 255); text-decoration-line: underline !important;\">Jackie Shroff</a><span style=\"color: rgb(34, 34, 34); font-family: proxima-regular1, Calibri; font-size: 18px; letter-spacing: 0.5px;\">. Neha Kakkar with her captivating voice has added magic to this new version and we are sure the song will make everyone fall in love with the it all over again. Mouni with her perfect dance moves do justice to the choreography and adds the needed 'Oomph' factor in it.</span><br></p>", "Meta_Title": "Gali Gali Main..", "Meta_keyword": "KGF", "Meta_description": "The makers had also unveiled the second trailer of ' KGF' of late and the film is all set to clash with Shah Rukh Khan's 'Zero' on December 21 this year. Moreover, Kannada period drama \u2018KGF Chapter-1\u2019 will release in India in five languages. Produced by Farhan Akhtar and Rites Sidhwani's Excel Entertainment, the film stars Yash and Srinidhi Shetty.", "Created_date": "2020-05-27T15:59:12Z", "Views": 6, "Reating": 5, "Updated_date": "2020-05-27T15:59:12Z", "mail_send_status": true, "Created_By": 6}}, {"model": "videos.vsvideos", "pk": 24, "fields": {"Videos_Title": "COVID-19", "Videos_id": "7RF126BVE6", "Videos_Slug": "covid-19", "Categoryes": 5, "Sub_Categoryes": null, "Video": "videos/jitu/2020/5/28/5_6330108687029371093.mp4", "Video_thumbnail": "videos/jitu/2020/5/28/thumbnail/28_5_2020_542319.png", "Publich_Status": true, "Country": "India", "Description": "<p><span style=\"color: rgb(66, 66, 66); font-family: Roboto-Regular, HelveticaNeue, Arial, sans-serif;\">The virus that causes COVID-19 is mainly transmitted through droplets generated when an infected person coughs, sneezes, or exhales. These droplets are too heavy to hang in the air, and quickly fall on floors or surfaces</span><br></p>", "Meta_Title": "CORONA VIRUS", "Meta_keyword": "COVID", "Meta_description": "You can be infected by breathing in the virus if you are within close proximity of someone who has COVID-19, or by touching a contaminated surface and then your eyes, nose or mouth.", "Created_date": "2020-05-28T08:27:58Z", "Views": 3, "Reating": 0, "Updated_date": "2020-05-28T08:27:58Z", "mail_send_status": true, "Created_By": 7}}, {"model": "videos.vsvideos", "pk": 25, "fields": {"Videos_Title": "PUBG", "Videos_id": "9OJWFG7ZY6", "Videos_Slug": "pubg", "Categoryes": 6, "Sub_Categoryes": null, "Video": "videos/jitu/2020/5/28/5_6307837099756224657.mp4", "Video_thumbnail": "videos/jitu/2020/5/28/thumbnail/28_5_2020_328399.png", "Publich_Status": true, "Country": "India", "Description": "<p><span style=\"color: rgb(34, 34, 34); font-family: arial, sans-serif;\">PlayerUnknown's Battlegrounds (</span><b style=\"color: rgb(34, 34, 34); font-family: arial, sans-serif;\">PUBG</b><span style=\"color: rgb(34, 34, 34); font-family: arial, sans-serif;\">) is an online multiplayer battle royale game developed and published by&nbsp;</span><b style=\"color: rgb(34, 34, 34); font-family: arial, sans-serif;\">PUBG</b><span style=\"color: rgb(34, 34, 34); font-family: arial, sans-serif;\">&nbsp;Corporation, a subsidiary of South Korean video game company Bluehole.</span><br></p>", "Meta_Title": "Gaming", "Meta_keyword": "Game", "Meta_description": "Royale Pass is the main way for players to get rewards in the game. Royale Pass Points can be obtained in the following ways to increase the rank: Complete .", "Created_date": "2020-05-28T08:37:07Z", "Views": 3, "Reating": 0, "Updated_date": "2020-05-28T08:37:07Z", "mail_send_status": true, "Created_By": 7}}, {"model": "videos.vsvideos", "pk": 26, "fields": {"Videos_Title": "motivation", "Videos_id": "X0FVL3X4FI", "Videos_Slug": "motivation", "Categoryes": 5, "Sub_Categoryes": null, "Video": "videos/jitu/2020/5/28/4_5929045912239212909.mp4", "Video_thumbnail": "videos/jitu/2020/5/28/thumbnail/28_5_2020_878874.png", "Publich_Status": true, "Country": "America", "Description": "<p><span style=\"color: rgb(32, 33, 34); font-family: sans-serif;\">At minimum, motivation requires the biological substrate for physical sensations of pleasure and pain; animals can thus want or disdain specific objects based on sense perception and experience. Motivation goes on to include the capacity to form concepts and to reason, which allows humans to be able to surpass this minimum state, with a much greater possible range of desires and aversions. This much greater range is supported by the ability to&nbsp;</span><a href=\"https://en.wikipedia.org/wiki/Free_will\" title=\"Free will\" style=\"color: rgb(11, 0, 128); background: none rgb(255, 255, 255); font-family: sans-serif;\">choose</a><span style=\"color: rgb(32, 33, 34); font-family: sans-serif;\">&nbsp;one's own goals and values, combined with \"time horizons\" for value achievement that can perhaps encompass years, decades, or longer, and the ability to re-experience past events.</span><sup id=\"cite_ref-1\" class=\"reference\" style=\"line-height: 1; unicode-bidi: isolate; white-space: nowrap; font-size: 11.2px; color: rgb(32, 33, 34); font-family: sans-serif;\"><a href=\"https://en.wikipedia.org/wiki/Motivation#cite_note-1\" style=\"color: rgb(11, 0, 128); background-image: none; background-position: initial; background-size: initial; background-repeat: initial; background-attachment: initial; background-origin: initial; background-clip: initial;\">[1]</a></sup><span style=\"color: rgb(32, 33, 34); font-family: sans-serif;\">&nbsp;Some models treat as important the distinction between extrinsic and intrinsic motivation,</span><sup id=\"cite_ref-:4_2-0\" class=\"reference\" style=\"line-height: 1; unicode-bidi: isolate; white-space: nowrap; font-size: 11.2px; color: rgb(32, 33, 34); font-family: sans-serif;\"><a href=\"https://en.wikipedia.org/wiki/Motivation#cite_note-:4-2\" style=\"color: rgb(11, 0, 128); background-image: none; background-position: initial; background-size: initial; background-repeat: initial; background-attachment: initial; background-origin: initial; background-clip: initial;\">[2]</a></sup><sup id=\"cite_ref-Ryan,_R._M._2000_3-0\" class=\"reference\" style=\"line-height: 1; unicode-bidi: isolate; white-space: nowrap; font-size: 11.2px; color: rgb(32, 33, 34); font-family: sans-serif;\"><a href=\"https://en.wikipedia.org/wiki/Motivation#cite_note-Ryan,_R._M._2000-3\" style=\"color: rgb(11, 0, 128); background-image: none; background-position: initial; background-size: initial; background-repeat: initial; background-attachment: initial; background-origin: initial; background-clip: initial;\">[3]</a></sup><span style=\"color: rgb(32, 33, 34); font-family: sans-serif;\">&nbsp;and motivation is an important topic in work,</span><sup id=\"cite_ref-4\" class=\"reference\" style=\"line-height: 1; unicode-bidi: isolate; white-space: nowrap; font-size: 11.2px; color: rgb(32, 33, 34); font-family: sans-serif;\"><a href=\"https://en.wikipedia.org/wiki/Motivation#cite_note-4\" style=\"color: rgb(11, 0, 128); background-image: none; background-position: initial; background-size: initial; background-repeat: initial; background-attachment: initial; background-origin: initial; background-clip: initial;\">[4]</a></sup><span style=\"color: rgb(32, 33, 34); font-family: sans-serif;\">&nbsp;</span><a href=\"https://en.wikipedia.org/wiki/Industrial_and_organizational_psychology\" title=\"Industrial and organizational psychology\" style=\"color: rgb(11, 0, 128); background: none rgb(255, 255, 255); font-family: sans-serif;\">organizational psychology</a><span style=\"color: rgb(32, 33, 34); font-family: sans-serif;\">,&nbsp;</span><a href=\"https://en.wikipedia.org/wiki/Administrative_Behavior\" title=\"Administrative Behavior\" style=\"color: rgb(11, 0, 128); background: none rgb(255, 255, 255); font-family: sans-serif;\">administrative organization</a><span style=\"color: rgb(32, 33, 34); font-family: sans-serif;\">, management,</span><sup id=\"cite_ref-5\" class=\"reference\" style=\"line-height: 1; unicode-bidi: isolate; white-space: nowrap; font-size: 11.2px; color: rgb(32, 33, 34); font-family: sans-serif;\"><a href=\"https://en.wikipedia.org/wiki/Motivation#cite_note-5\" style=\"color: rgb(11, 0, 128); background-image: none; background-position: initial; background-size: initial; background-repeat: initial; background-attachment: initial; background-origin: initial; background-clip: initial;\">[5]</a></sup><span style=\"color: rgb(32, 33, 34); font-family: sans-serif;\">&nbsp;as well as&nbsp;</span><a href=\"https://en.wikipedia.org/wiki/Educational_psychology\" title=\"Educational psychology\" style=\"color: rgb(11, 0, 128); background: none rgb(255, 255, 255); font-family: sans-serif;\">education</a><span style=\"color: rgb(32, 33, 34); font-family: sans-serif;\">.</span><br></p>", "Meta_Title": "Reach men never sleep", "Meta_keyword": "Reach men", "Meta_description": "The definition of motivation as experienced desires and aversions highlights the association of motivation with emotion. It is believed that emotions are automatic appraisals based on subconsciously stored values and beliefs about the object. To the extent that distinct emotions relate to specific subconscious appraisals (e.g., anger\u2014injustice; guilt\u2014violation of a moral standard; sadness\u2014loss of a value; pride\u2014the achievement of a moral ideal; love\u2014valuing an object or person; joy\u2014the attainment of an important value; envy\u2014wanting the attainments of another, admiration\u2014valuing the attainments of another, etc.),", "Created_date": "2020-05-28T09:39:42Z", "Views": 2, "Reating": 5, "Updated_date": "2020-05-28T09:39:42Z", "mail_send_status": true, "Created_By": 7}}, {"model": "videos.vsvideos", "pk": 27, "fields": {"Videos_Title": "Red Chilies Entertainment", "Videos_id": "J9O7V5UAWN", "Videos_Slug": "red-chilies-entertainment", "Categoryes": 6, "Sub_Categoryes": null, "Video": "videos/jitu/2020/5/28/4_5830207861375896437.mp4", "Video_thumbnail": "videos/jitu/2020/5/28/thumbnail/28_5_2020_690493.png", "Publich_Status": true, "Country": "India", "Description": "<p><span style=\"color: rgb(77, 81, 86); font-family: arial, sans-serif;\">Red Chillies Entertainment is an Indian film production and distribution company established by Shah Rukh Khan and his wife Gauri Khan in 2003. It was transformed from the defunct Dreamz Unlimited. Based in Mumbai, Red Chillies Entertainment has formed a full-fledged film studio in India</span><br></p>", "Meta_Title": "SRK", "Meta_keyword": "katrina", "Meta_description": "Entertainmentwww.redchillies.com\r\nWELCOME TO THE. THE. THE. THE. WELCOME TO THE. WORLD OF. ENTERTAINMENT. logo-img. WORLD OF. ENTERTAINMENT. ART OF. CREATING ...", "Created_date": "2020-05-28T09:48:57Z", "Views": 3, "Reating": 3, "Updated_date": "2020-05-28T09:48:57Z", "mail_send_status": true, "Created_By": 7}}, {"model": "videos.vsvideos", "pk": 28, "fields": {"Videos_Title": "Lot Of Money", "Videos_id": "1X237S5VOI", "Videos_Slug": "lot-of-money", "Categoryes": 3, "Sub_Categoryes": 6, "Video": "videos/jitu/2020/5/28/4_5920062395434141576.mp4", "Video_thumbnail": "videos/jitu/2020/5/28/thumbnail/28_5_2020_533994.png", "Publich_Status": true, "Country": "America", "Description": "<p><b style=\"color: rgb(32, 33, 34); font-family: sans-serif;\">Money</b><span style=\"color: rgb(32, 33, 34); font-family: sans-serif;\">&nbsp;is any item or verifiable record that is generally accepted as&nbsp;</span><a href=\"https://en.wikipedia.org/wiki/Payment\" title=\"Payment\" style=\"color: rgb(11, 0, 128); background: none rgb(255, 255, 255); font-family: sans-serif;\">payment</a><span style=\"color: rgb(32, 33, 34); font-family: sans-serif;\">&nbsp;for&nbsp;</span><a href=\"https://en.wikipedia.org/wiki/Goods_and_services\" title=\"Goods and services\" style=\"color: rgb(11, 0, 128); background: none rgb(255, 255, 255); font-family: sans-serif;\">goods and services</a><span style=\"color: rgb(32, 33, 34); font-family: sans-serif;\">&nbsp;and repayment of&nbsp;</span><a href=\"https://en.wikipedia.org/wiki/Debt\" title=\"Debt\" style=\"color: rgb(11, 0, 128); background: none rgb(255, 255, 255); font-family: sans-serif;\">debts</a><span style=\"color: rgb(32, 33, 34); font-family: sans-serif;\">, such as&nbsp;</span><a href=\"https://en.wikipedia.org/wiki/Taxes\" class=\"mw-redirect\" title=\"Taxes\" style=\"color: rgb(11, 0, 128); background: none rgb(255, 255, 255); font-family: sans-serif;\">taxes</a><span style=\"color: rgb(32, 33, 34); font-family: sans-serif;\">, in a particular country or socio-economic context.</span><sup id=\"cite_ref-1\" class=\"reference\" style=\"line-height: 1; unicode-bidi: isolate; white-space: nowrap; font-size: 11.2px; color: rgb(32, 33, 34); font-family: sans-serif;\"><a href=\"https://en.wikipedia.org/wiki/Money#cite_note-1\" style=\"color: rgb(11, 0, 128); background-image: none; background-position: initial; background-size: initial; background-repeat: initial; background-attachment: initial; background-origin: initial; background-clip: initial;\">[1]</a></sup><sup id=\"cite_ref-2\" class=\"reference\" style=\"line-height: 1; unicode-bidi: isolate; white-space: nowrap; font-size: 11.2px; color: rgb(32, 33, 34); font-family: sans-serif;\"><a href=\"https://en.wikipedia.org/wiki/Money#cite_note-2\" style=\"color: rgb(11, 0, 128); background-image: none; background-position: initial; background-size: initial; background-repeat: initial; background-attachment: initial; background-origin: initial; background-clip: initial;\">[2]</a></sup><sup id=\"cite_ref-3\" class=\"reference\" style=\"line-height: 1; unicode-bidi: isolate; white-space: nowrap; font-size: 11.2px; color: rgb(32, 33, 34); font-family: sans-serif;\"><a href=\"https://en.wikipedia.org/wiki/Money#cite_note-3\" style=\"color: rgb(11, 0, 128); background-image: none; background-position: initial; background-size: initial; background-repeat: initial; background-attachment: initial; background-origin: initial; background-clip: initial;\">[3]</a></sup><span style=\"color: rgb(32, 33, 34); font-family: sans-serif;\">&nbsp;The main functions of money are distinguished as: a&nbsp;</span><a href=\"https://en.wikipedia.org/wiki/Medium_of_exchange\" title=\"Medium of exchange\" style=\"color: rgb(11, 0, 128); background: none rgb(255, 255, 255); font-family: sans-serif;\">medium of exchange</a><span style=\"color: rgb(32, 33, 34); font-family: sans-serif;\">, a&nbsp;</span><a href=\"https://en.wikipedia.org/wiki/Unit_of_account\" title=\"Unit of account\" style=\"color: rgb(11, 0, 128); background: none rgb(255, 255, 255); font-family: sans-serif;\">unit of account</a><span style=\"color: rgb(32, 33, 34); font-family: sans-serif;\">, a&nbsp;</span><a href=\"https://en.wikipedia.org/wiki/Store_of_value\" title=\"Store of value\" style=\"color: rgb(11, 0, 128); background: none rgb(255, 255, 255); font-family: sans-serif;\">store of value</a><span style=\"color: rgb(32, 33, 34); font-family: sans-serif;\">&nbsp;and sometimes, a&nbsp;</span><a href=\"https://en.wikipedia.org/wiki/Standard_of_deferred_payment\" title=\"Standard of deferred payment\" style=\"color: rgb(11, 0, 128); background: none rgb(255, 255, 255); font-family: sans-serif;\">standard of deferred payment</a><span style=\"color: rgb(32, 33, 34); font-family: sans-serif;\">.</span><sup id=\"cite_ref-mankiw_4-0\" class=\"reference\" style=\"line-height: 1; unicode-bidi: isolate; white-space: nowrap; font-size: 11.2px; color: rgb(32, 33, 34); font-family: sans-serif;\"><a href=\"https://en.wikipedia.org/wiki/Money#cite_note-mankiw-4\" style=\"color: rgb(11, 0, 128); background-image: none; background-position: initial; background-size: initial; background-repeat: initial; background-attachment: initial; background-origin: initial; background-clip: initial;\">[4]</a></sup><sup id=\"cite_ref-greco_5-0\" class=\"reference\" style=\"line-height: 1; unicode-bidi: isolate; white-space: nowrap; font-size: 11.2px; color: rgb(32, 33, 34); font-family: sans-serif;\"><a href=\"https://en.wikipedia.org/wiki/Money#cite_note-greco-5\" style=\"color: rgb(11, 0, 128); background-image: none; background-position: initial; background-size: initial; background-repeat: initial; background-attachment: initial; background-origin: initial; background-clip: initial;\">[5]</a></sup><span style=\"color: rgb(32, 33, 34); font-family: sans-serif;\">&nbsp;Any item or verifiable record that fulfils these functions can be considered as money.</span><br></p>", "Meta_Title": "Money", "Meta_keyword": "Reach men", "Meta_description": "The money supply of a country consists of currency (banknotes and coins) and, depending on the particular definition used, one or more types of bank money (the balances held in checking accounts, savings accounts, and other types of bank accounts). Bank money, which consists only of records (mostly computerized in modern banking), forms by far the largest part of broad money in developed countries.", "Created_date": "2020-05-28T10:00:41Z", "Views": 8, "Reating": 7, "Updated_date": "2020-05-28T10:00:41Z", "mail_send_status": true, "Created_By": 7}}, {"model": "videos.vsvideos", "pk": 29, "fields": {"Videos_Title": "Hip Hop Song", "Videos_id": "GDP4J5XBYW", "Videos_Slug": "hip-hop-song", "Categoryes": 3, "Sub_Categoryes": 4, "Video": "videos/jitu/2020/5/28/4_5926794112425527273.mp4", "Video_thumbnail": "videos/jitu/2020/5/28/thumbnail/28_5_2020_338944.png", "Publich_Status": true, "Country": "America", "Description": "<p><span style=\"font-family: Georgia, Times, &quot;Times New Roman&quot;, serif; font-size: 16px;\">Wizardly producer Marley Marl dials up a beat for the ages \u2013 a ferocious drum break and&nbsp;</span><a href=\"https://www.rollingstone.com/artist/otis-redding\" rel=\"nofollow\" target=\"_blank\" style=\"-webkit-font-smoothing: antialiased; transition: color 0.24s cubic-bezier(0.215, 0.61, 0.355, 1) 0s; font-family: Graphik, sans-serif; position: relative; font-weight: 600; color: rgb(211, 37, 49); font-size: 16px; background-color: rgb(255, 255, 255);\">Otis Redding</a><span style=\"font-family: Georgia, Times, &quot;Times New Roman&quot;, serif; font-size: 16px;\">&nbsp;piano loop \u2013 and summons the cream of his Juice Crew affiliates. The result is the first truly great posse cut. Sharpest couplet: Kool G Rap (\u201cMaking veterans run for medicine/\u2019Cause I put out more lights in a fight than Con Edison\u201d). MVP: Marley Marl.</span><br></p>", "Meta_Title": "Marley Marl, \u2018The Symphony\u2019", "Meta_keyword": "In Control, Volume 1, 1988", "Meta_description": "Nearly 10 minutes and God knows how many bars of exhortations and boasts, sprawling across a hopped-up disco beat.", "Created_date": "2020-05-28T10:22:26Z", "Views": 7, "Reating": 0, "Updated_date": "2020-05-28T10:22:26Z", "mail_send_status": true, "Created_By": 7}}, {"model": "videos.vsvideos", "pk": 65, "fields": {"Videos_Title": "Another video with a very long video title goes here.", "Videos_id": "YA7WJ83D68", "Videos_Slug": "another-video-with-a-very-long-video-title-goes-here", "Categoryes": 6, "Sub_Categoryes": 10, "Video": "videos/AJAY/2020/6/12/Screen_Recording_2020-06-13_at_12.20.22_AM.mov", "Video_thumbnail": "videos/AJAY/2020/6/12/thumbnail/12_6_2020_437677.png", "Publich_Status": true, "Country": "test", "Description": "<p><span id=\"docs-internal-guid-5f9bfec5-7fff-db1a-d524-ebd1e548430b\"></span></p><p dir=\"ltr\" style=\"line-height:1.38;margin-top:0pt;margin-bottom:0pt;\"><span style=\"font-size: 10.5pt; font-family: Verdana; color: rgb(31, 40, 54); background-color: rgb(255, 255, 255); font-weight: 400; font-style: normal; font-variant: normal; text-decoration: none; vertical-align: baseline; white-space: pre-wrap;\">Hi there, We are a Website development company from INDIA. We can develop any kind of concept as you can see running on the internet. Please suggest the kind of functions you wish to develop in Website ? We are among the top 3% Web development companies here on the freelancer based on the earning and reviews. Please send a message and let's discuss your project.</span></p>", "Meta_Title": "NIDHI SHINDE", "Meta_keyword": "Jameyat - Your Online grocery Store", "Meta_description": "hello World", "Created_date": "2020-06-12T19:22:39Z", "Views": 4, "Reating": 0, "Updated_date": "2020-06-12T19:22:39Z", "mail_send_status": false, "Created_By": 18}}, {"model": "videos.vsvideos", "pk": 67, "fields": {"Videos_Title": "My Make Up (Test JG)", "Videos_id": "7J60MNP381", "Videos_Slug": "my-make-up-test-jg", "Categoryes": 7, "Sub_Categoryes": 13, "Video": "videos/Jatiner/2020/6/14/mixkit-woman-applying-makeup-385.mp4", "Video_thumbnail": "videos/Jatiner/2020/6/14/thumbnail/14_6_2020_15533.png", "Publich_Status": true, "Country": "test", "Description": "<p>This is a test for make up for beauty category</p>", "Meta_Title": "Make Up Test (JG)", "Meta_keyword": "Make Up", "Meta_description": "Make Up", "Created_date": "2020-06-14T18:57:20.998Z", "Views": 2, "Reating": 7, "Updated_date": "2020-06-14T18:57:20.998Z", "mail_send_status": true, "Created_By": 22}}, {"model": "videos.vsvideos", "pk": 75, "fields": {"Videos_Title": "", "Videos_id": "RJ5H97HU2P", "Videos_Slug": "", "Categoryes": null, "Sub_Categoryes": null, "Video": "videos/jitendra/2020/6/17/Screen_Recording_2020-06-16_at_9.07.22_PM.mov", "Video_thumbnail": "", "Publich_Status": false, "Country": null, "Description": null, "Meta_Title": null, "Meta_keyword": null, "Meta_description": null, "Created_date": "2020-06-17T14:32:46.415Z", "Views": 0, "Reating": 0, "Updated_date": "2020-06-17T14:32:46.415Z", "mail_send_status": false, "Created_By": 6}}, {"model": "videos.vsvideos", "pk": 76, "fields": {"Videos_Title": "", "Videos_id": "NNLEXNVX8N", "Videos_Slug": "-UAZE", "Categoryes": null, "Sub_Categoryes": null, "Video": "videos/jitendra/2020/6/17/Screen_Recording_2020-06-17_at_8.02.12_PM.mov", "Video_thumbnail": "", "Publich_Status": false, "Country": null, "Description": null, "Meta_Title": null, "Meta_keyword": null, "Meta_description": null, "Created_date": "2020-06-17T14:35:13.286Z", "Views": 0, "Reating": 0, "Updated_date": "2020-06-17T14:35:13.286Z", "mail_send_status": false, "Created_By": 6}}, {"model": "videos.vsvideos", "pk": 77, "fields": {"Videos_Title": "", "Videos_id": "7RYZ4W5R3E", "Videos_Slug": "-YEWP", "Categoryes": null, "Sub_Categoryes": null, "Video": "videos/jitendra/2020/6/17/RATED_ME_1.mov", "Video_thumbnail": "", "Publich_Status": false, "Country": null, "Description": null, "Meta_Title": null, "Meta_keyword": null, "Meta_description": null, "Created_date": "2020-06-17T14:37:27.616Z", "Views": 0, "Reating": 0, "Updated_date": "2020-06-17T14:37:27.616Z", "mail_send_status": false, "Created_By": 6}}, {"model": "videos.vsvideos", "pk": 78, "fields": {"Videos_Title": "", "Videos_id": "6YRGRUK7EC", "Videos_Slug": "-PW67", "Categoryes": null, "Sub_Categoryes": null, "Video": "videos/jitendra/2020/6/17/RATED_ME_1_YFAsPYo.mov", "Video_thumbnail": "", "Publich_Status": false, "Country": null, "Description": null, "Meta_Title": null, "Meta_keyword": null, "Meta_description": null, "Created_date": "2020-06-17T14:44:59.504Z", "Views": 0, "Reating": 0, "Updated_date": "2020-06-17T14:44:59.504Z", "mail_send_status": false, "Created_By": 6}}, {"model": "videos.vsvideos", "pk": 79, "fields": {"Videos_Title": "Eyebrow Touch Up", "Videos_id": "FADQZWME71", "Videos_Slug": "eyebrow-touch-up-N8ST", "Categoryes": 7, "Sub_Categoryes": 13, "Video": "videos/Jatinear/2020/6/19/makeup.mp4", "Video_thumbnail": "videos/Jatinear/2020/6/19/thumbnail/19_6_2020_924047.png", "Publich_Status": false, "Country": "test", "Description": "<p>Getting an Eyebrow Touch Up</p>", "Meta_Title": null, "Meta_keyword": null, "Meta_description": "", "Created_date": "2020-06-19T01:17:25Z", "Views": 1, "Reating": 7, "Updated_date": "2020-06-19T01:17:25Z", "mail_send_status": false, "Created_By": 35}}, {"model": "videos.vsvideos", "pk": 80, "fields": {"Videos_Title": "", "Videos_id": "GMMITHENKD", "Videos_Slug": "-AACM", "Categoryes": null, "Sub_Categoryes": null, "Video": "videos/Jatinear/2020/6/19/TestImageforMakeup.png", "Video_thumbnail": "", "Publich_Status": false, "Country": null, "Description": null, "Meta_Title": null, "Meta_keyword": null, "Meta_description": null, "Created_date": "2020-06-19T01:58:50.552Z", "Views": 0, "Reating": 0, "Updated_date": "2020-06-19T01:58:50.552Z", "mail_send_status": false, "Created_By": 35}}, {"model": "videos.vsvideos", "pk": 81, "fields": {"Videos_Title": "", "Videos_id": "3O916RZFB7", "Videos_Slug": "-5OG1", "Categoryes": null, "Sub_Categoryes": null, "Video": "videos/Jatinear/2020/6/19/makeup_5ZVuXGV.mp4", "Video_thumbnail": "", "Publich_Status": false, "Country": null, "Description": null, "Meta_Title": null, "Meta_keyword": null, "Meta_description": null, "Created_date": "2020-06-19T02:02:02.095Z", "Views": 0, "Reating": 0, "Updated_date": "2020-06-19T02:02:02.095Z", "mail_send_status": false, "Created_By": 35}}, {"model": "videos.vsvideos", "pk": 82, "fields": {"Videos_Title": "", "Videos_id": "04KK3FHOK4", "Videos_Slug": "-D57F", "Categoryes": null, "Sub_Categoryes": null, "Video": "videos/Akshay_Singh/2020/6/19/Settings_in_admin_panel.mov", "Video_thumbnail": "", "Publich_Status": false, "Country": null, "Description": null, "Meta_Title": null, "Meta_keyword": null, "Meta_description": null, "Created_date": "2020-06-19T18:46:05.298Z", "Views": 0, "Reating": 0, "Updated_date": "2020-06-19T18:46:05.298Z", "mail_send_status": false, "Created_By": 15}}, {"model": "videos.vsvideos", "pk": 84, "fields": {"Videos_Title": "TESTED BY AKSHAY", "Videos_id": "PVR4B9MBCG", "Videos_Slug": "tested-by-akshay", "Categoryes": 7, "Sub_Categoryes": 12, "Video": "videos/Akshay_Singh/2020/6/20/Screen_Recording_2020-06-20_at_11.16.45_PM.mov", "Video_thumbnail": "videos/Akshay_Singh/2020/6/20/thumbnail/20_6_2020_656378.png", "Publich_Status": true, "Country": "test", "Description": "<p>Hi tested by AK</p>", "Meta_Title": "", "Meta_keyword": "", "Meta_description": "", "Created_date": "2020-06-20T18:35:04.404Z", "Views": 0, "Reating": 0, "Updated_date": "2020-06-20T18:35:04.404Z", "mail_send_status": true, "Created_By": 15}}, {"model": "videos.vsvideos", "pk": 85, "fields": {"Videos_Title": "", "Videos_id": "BD4GLDRSNC", "Videos_Slug": "-0T89", "Categoryes": null, "Sub_Categoryes": null, "Video": "videos/Jatinear/2020/6/22/mixkit-a-person-opens-a-pink-lipstick-382.mp4", "Video_thumbnail": "", "Publich_Status": false, "Country": null, "Description": null, "Meta_Title": null, "Meta_keyword": null, "Meta_description": null, "Created_date": "2020-06-22T17:39:11.988Z", "Views": 0, "Reating": 0, "Updated_date": "2020-06-22T17:39:11.988Z", "mail_send_status": false, "Created_By": 35}}, {"model": "videos.vsvideos", "pk": 86, "fields": {"Videos_Title": "", "Videos_id": "3I73D0AFAT", "Videos_Slug": "-HPP9", "Categoryes": null, "Sub_Categoryes": null, "Video": "videos/Jatinear/2020/6/22/makeup.mp4", "Video_thumbnail": "", "Publich_Status": false, "Country": null, "Description": null, "Meta_Title": null, "Meta_keyword": null, "Meta_description": null, "Created_date": "2020-06-22T17:56:14.078Z", "Views": 0, "Reating": 0, "Updated_date": "2020-06-22T17:56:14.078Z", "mail_send_status": false, "Created_By": 35}}, {"model": "videos.vsvideos", "pk": 87, "fields": {"Videos_Title": "", "Videos_id": "JPKBHMIA79", "Videos_Slug": "-COHW", "Categoryes": null, "Sub_Categoryes": null, "Video": "videos/Akshay_Singh/2020/6/23/Screen_Recording_2020-06-23_at_12.23.07_AM.mov", "Video_thumbnail": "", "Publich_Status": false, "Country": null, "Description": null, "Meta_Title": null, "Meta_keyword": null, "Meta_description": null, "Created_date": "2020-06-23T07:03:29.190Z", "Views": 0, "Reating": 0, "Updated_date": "2020-06-23T07:03:29.190Z", "mail_send_status": false, "Created_By": 15}}, {"model": "videos.vsvideos", "pk": 88, "fields": {"Videos_Title": "", "Videos_id": "MXR4RQSRGF", "Videos_Slug": "-S6P1", "Categoryes": null, "Sub_Categoryes": null, "Video": "videos/jitendra/2020/6/23/game_2.webm", "Video_thumbnail": "", "Publich_Status": false, "Country": null, "Description": null, "Meta_Title": null, "Meta_keyword": null, "Meta_description": null, "Created_date": "2020-06-23T17:28:53.004Z", "Views": 0, "Reating": 0, "Updated_date": "2020-06-23T17:28:53.004Z", "mail_send_status": false, "Created_By": 6}}, {"model": "videos.vsvideos", "pk": 89, "fields": {"Videos_Title": "", "Videos_id": "OO5CSYZP9B", "Videos_Slug": "-CL8A", "Categoryes": null, "Sub_Categoryes": null, "Video": "videos/jitendra/2020/6/23/game_2_EqM1TcK.webm", "Video_thumbnail": "", "Publich_Status": false, "Country": null, "Description": null, "Meta_Title": null, "Meta_keyword": null, "Meta_description": null, "Created_date": "2020-06-23T17:45:21.645Z", "Views": 0, "Reating": 0, "Updated_date": "2020-06-23T17:45:21.645Z", "mail_send_status": false, "Created_By": 6}}, {"model": "videos.vsvideos", "pk": 90, "fields": {"Videos_Title": "", "Videos_id": "MA6SUP541B", "Videos_Slug": "-XL9C", "Categoryes": null, "Sub_Categoryes": null, "Video": "videos/jitendra/2020/6/23/game_2_D1wunHW.webm", "Video_thumbnail": "", "Publich_Status": false, "Country": null, "Description": null, "Meta_Title": null, "Meta_keyword": null, "Meta_description": null, "Created_date": "2020-06-23T17:54:25.792Z", "Views": 0, "Reating": 0, "Updated_date": "2020-06-23T17:54:25.792Z", "mail_send_status": false, "Created_By": 6}}, {"model": "videos.vsvideos", "pk": 91, "fields": {"Videos_Title": "This is test video", "Videos_id": "KNLNNZAJX5", "Videos_Slug": "this-is-test-video", "Categoryes": 6, "Sub_Categoryes": 10, "Video": "videos/Deepak_Patel/2020/7/21/game_2.webm", "Video_thumbnail": "videos/Deepak_Patel/2020/7/21/thumbnail/21_7_2020_554222.png", "Publich_Status": true, "Country": "test", "Description": "<p>&nbsp;b bfdxv fgvbfdsg btfrg btfsg bfdcsv efsdefukhy jaedgsb 67furyj qhdgbnjk,v, mlbhnads, gnbfdsjuhiklaghb madrfjukhygv bzfadjhmgnv hbsdkhjgbn vfdskjhmc,vhg bfkdgsvb ,mnfgsd,mn hb wtfjuhkr</p>", "Meta_Title": "", "Meta_keyword": "", "Meta_description": "", "Created_date": "2020-07-21T11:20:00.347Z", "Views": 0, "Reating": 0, "Updated_date": "2020-07-21T11:20:00.347Z", "mail_send_status": false, "Created_By": 51}}, {"model": "videos.vsvideos", "pk": 92, "fields": {"Videos_Title": "nbg", "Videos_id": "S1FU0APE5A", "Videos_Slug": "nbg", "Categoryes": 7, "Sub_Categoryes": 11, "Video": "videos/Deepak_Patel/2020/7/21/game_2_x6rRP6k.webm", "Video_thumbnail": "videos/Deepak_Patel/2020/7/21/thumbnail/21_7_2020_73866.png", "Publich_Status": true, "Country": "test", "Description": "<p>fghd fhfdsghn dgbfnhdgy</p>", "Meta_Title": "", "Meta_keyword": "", "Meta_description": "", "Created_date": "2020-07-21T11:41:37.007Z", "Views": 0, "Reating": 0, "Updated_date": "2020-07-21T11:41:37.007Z", "mail_send_status": false, "Created_By": 51}}, {"model": "videos.vscomments", "pk": 11, "fields": {"Video": 20, "User": 16, "Comment": "    hey this is Akshay , my feedback for this video.", "Status": true, "Created_date": "2020-06-04T18:55:04.686Z", "Updated_date": "2020-06-04T18:55:04.686Z"}}, {"model": "videos.vscomments", "pk": 12, "fields": {"Video": 6, "User": 11, "Comment": "      sdrgsdfgvsfbvf dfsf dfsd bfsdbfgbgfbgfb  ", "Status": true, "Created_date": "2020-06-09T18:58:55.714Z", "Updated_date": "2020-06-09T18:58:55.714Z"}}, {"model": "videos.vscomments", "pk": 13, "fields": {"Video": 8, "User": 11, "Comment": "    sdc asdvca vadv fsdvscv sdfvfdvfd", "Status": true, "Created_date": "2020-06-09T18:59:20.689Z", "Updated_date": "2020-06-09T18:59:20.689Z"}}, {"model": "videos.vscomments", "pk": 14, "fields": {"Video": 20, "User": 11, "Comment": "      This is test comment. from mohit  ", "Status": true, "Created_date": "2020-06-11T18:10:08.607Z", "Updated_date": "2020-06-11T18:10:08.607Z"}}, {"model": "videos.vscomments", "pk": 15, "fields": {"Video": 7, "User": 11, "Comment": "    dfg sdfgdv", "Status": true, "Created_date": "2020-06-11T21:44:20.826Z", "Updated_date": "2020-06-11T21:44:20.826Z"}}, {"model": "videos.vscomments", "pk": 16, "fields": {"Video": 26, "User": 19, "Comment": "    Great going guys.", "Status": true, "Created_date": "2020-06-12T19:51:50.887Z", "Updated_date": "2020-06-12T19:51:50.887Z"}}, {"model": "videos.vscomments", "pk": 17, "fields": {"Video": 10, "User": 19, "Comment": "    this is another grat video.", "Status": true, "Created_date": "2020-06-12T20:03:41.312Z", "Updated_date": "2020-06-12T20:03:41.312Z"}}, {"model": "videos.vscomments", "pk": 18, "fields": {"Video": 28, "User": 19, "Comment": "    close testing", "Status": true, "Created_date": "2020-06-12T20:19:17.739Z", "Updated_date": "2020-06-12T20:19:17.739Z"}}, {"model": "videos.vscomments", "pk": 19, "fields": {"Video": 67, "User": 23, "Comment": "        You need to work on the softness and smear technique    ", "Status": true, "Created_date": "2020-06-14T19:21:01.754Z", "Updated_date": "2020-06-14T19:21:01.754Z"}}, {"model": "videos.vscomments", "pk": 20, "fields": {"Video": 67, "User": 7, "Comment": "      hi  ", "Status": true, "Created_date": "2020-06-15T07:20:49.530Z", "Updated_date": "2020-06-15T07:20:49.530Z"}}, {"model": "videos.vscomments", "pk": 22, "fields": {"Video": 27, "User": 19, "Comment": "    this is my score now.", "Status": true, "Created_date": "2020-06-15T19:39:33.537Z", "Updated_date": "2020-06-15T19:39:33.537Z"}}, {"model": "videos.vscomments", "pk": 23, "fields": {"Video": 8, "User": 5, "Comment": "    This is text comment", "Status": true, "Created_date": "2020-06-15T20:17:59.084Z", "Updated_date": "2020-06-15T20:17:59.084Z"}}, {"model": "videos.vscomments", "pk": 24, "fields": {"Video": 20, "User": 5, "Comment": "Test data   ", "Status": true, "Created_date": "2020-06-17T12:48:46.966Z", "Updated_date": "2020-06-17T12:48:46.966Z"}}, {"model": "videos.vscomments", "pk": 25, "fields": {"Video": 67, "User": 19, "Comment": "    This is my message for testing the rating system. ", "Status": true, "Created_date": "2020-06-17T14:18:12.397Z", "Updated_date": "2020-06-17T14:18:12.397Z"}}, {"model": "videos.vscomments", "pk": 26, "fields": {"Video": 20, "User": 19, "Comment": "tested Score ... ", "Status": true, "Created_date": "2020-06-17T15:14:01.276Z", "Updated_date": "2020-06-17T15:14:01.276Z"}}, {"model": "videos.vscomments", "pk": 27, "fields": {"Video": 79, "User": 23, "Comment": "This is a test 1", "Status": true, "Created_date": "2020-06-19T02:17:47.893Z", "Updated_date": "2020-06-19T02:17:47.893Z"}}, {"model": "videos.vscomments", "pk": 28, "fields": {"Video": 79, "User": 37, "Comment": "Test222", "Status": true, "Created_date": "2020-06-19T02:23:26.861Z", "Updated_date": "2020-06-19T02:23:26.861Z"}}, {"model": "videos.vsrating", "pk": 49, "fields": {"Video": 20, "User": 16, "Reating_attrbute": 4, "Reating": 8, "Status": true, "Created_date": "2020-06-04T18:55:04.616Z", "Updated_date": "2020-06-04T18:55:04.616Z"}}, {"model": "videos.vsrating", "pk": 50, "fields": {"Video": 20, "User": 16, "Reating_attrbute": 12, "Reating": 7, "Status": true, "Created_date": "2020-06-04T18:55:04.631Z", "Updated_date": "2020-06-04T18:55:04.631Z"}}, {"model": "videos.vsrating", "pk": 51, "fields": {"Video": 20, "User": 16, "Reating_attrbute": 21, "Reating": 6, "Status": true, "Created_date": "2020-06-04T18:55:04.645Z", "Updated_date": "2020-06-04T18:55:04.645Z"}}, {"model": "videos.vsrating", "pk": 52, "fields": {"Video": 20, "User": 16, "Reating_attrbute": 22, "Reating": 7, "Status": true, "Created_date": "2020-06-04T18:55:04.659Z", "Updated_date": "2020-06-04T18:55:04.659Z"}}, {"model": "videos.vsrating", "pk": 53, "fields": {"Video": 20, "User": 16, "Reating_attrbute": 23, "Reating": 8, "Status": true, "Created_date": "2020-06-04T18:55:04.673Z", "Updated_date": "2020-06-04T18:55:04.673Z"}}, {"model": "videos.vsrating", "pk": 54, "fields": {"Video": 6, "User": 11, "Reating_attrbute": 3, "Reating": 2, "Status": true, "Created_date": "2020-06-09T18:58:55.643Z", "Updated_date": "2020-06-09T18:58:55.643Z"}}, {"model": "videos.vsrating", "pk": 55, "fields": {"Video": 6, "User": 11, "Reating_attrbute": 4, "Reating": 5, "Status": true, "Created_date": "2020-06-09T18:58:55.658Z", "Updated_date": "2020-06-09T18:58:55.658Z"}}, {"model": "videos.vsrating", "pk": 56, "fields": {"Video": 6, "User": 11, "Reating_attrbute": 14, "Reating": 2, "Status": true, "Created_date": "2020-06-09T18:58:55.672Z", "Updated_date": "2020-06-09T18:58:55.672Z"}}, {"model": "videos.vsrating", "pk": 57, "fields": {"Video": 6, "User": 11, "Reating_attrbute": 18, "Reating": 4, "Status": true, "Created_date": "2020-06-09T18:58:55.686Z", "Updated_date": "2020-06-09T18:58:55.686Z"}}, {"model": "videos.vsrating", "pk": 58, "fields": {"Video": 6, "User": 11, "Reating_attrbute": 24, "Reating": 6, "Status": true, "Created_date": "2020-06-09T18:58:55.701Z", "Updated_date": "2020-06-09T18:58:55.701Z"}}, {"model": "videos.vsrating", "pk": 59, "fields": {"Video": 8, "User": 11, "Reating_attrbute": 3, "Reating": 2, "Status": true, "Created_date": "2020-06-09T18:59:20.619Z", "Updated_date": "2020-06-09T18:59:20.619Z"}}, {"model": "videos.vsrating", "pk": 60, "fields": {"Video": 8, "User": 11, "Reating_attrbute": 4, "Reating": 6, "Status": true, "Created_date": "2020-06-09T18:59:20.633Z", "Updated_date": "2020-06-09T18:59:20.633Z"}}, {"model": "videos.vsrating", "pk": 61, "fields": {"Video": 8, "User": 11, "Reating_attrbute": 14, "Reating": 3, "Status": true, "Created_date": "2020-06-09T18:59:20.647Z", "Updated_date": "2020-06-09T18:59:20.647Z"}}, {"model": "videos.vsrating", "pk": 62, "fields": {"Video": 8, "User": 11, "Reating_attrbute": 18, "Reating": 7, "Status": true, "Created_date": "2020-06-09T18:59:20.662Z", "Updated_date": "2020-06-09T18:59:20.662Z"}}, {"model": "videos.vsrating", "pk": 63, "fields": {"Video": 8, "User": 11, "Reating_attrbute": 24, "Reating": 2, "Status": true, "Created_date": "2020-06-09T18:59:20.676Z", "Updated_date": "2020-06-09T18:59:20.676Z"}}, {"model": "videos.vsrating", "pk": 64, "fields": {"Video": 20, "User": 11, "Reating_attrbute": 4, "Reating": 2, "Status": true, "Created_date": "2020-06-11T18:10:08.537Z", "Updated_date": "2020-06-11T18:10:08.537Z"}}, {"model": "videos.vsrating", "pk": 65, "fields": {"Video": 20, "User": 11, "Reating_attrbute": 12, "Reating": 5, "Status": true, "Created_date": "2020-06-11T18:10:08.552Z", "Updated_date": "2020-06-11T18:10:08.552Z"}}, {"model": "videos.vsrating", "pk": 66, "fields": {"Video": 20, "User": 11, "Reating_attrbute": 21, "Reating": 3, "Status": true, "Created_date": "2020-06-11T18:10:08.566Z", "Updated_date": "2020-06-11T18:10:08.566Z"}}, {"model": "videos.vsrating", "pk": 67, "fields": {"Video": 20, "User": 11, "Reating_attrbute": 22, "Reating": 7, "Status": true, "Created_date": "2020-06-11T18:10:08.580Z", "Updated_date": "2020-06-11T18:10:08.580Z"}}, {"model": "videos.vsrating", "pk": 68, "fields": {"Video": 20, "User": 11, "Reating_attrbute": 23, "Reating": 3, "Status": true, "Created_date": "2020-06-11T18:10:08.594Z", "Updated_date": "2020-06-11T18:10:08.594Z"}}, {"model": "videos.vsrating", "pk": 69, "fields": {"Video": 7, "User": 11, "Reating_attrbute": 9, "Reating": 3, "Status": true, "Created_date": "2020-06-11T21:44:20.756Z", "Updated_date": "2020-06-11T21:44:20.756Z"}}, {"model": "videos.vsrating", "pk": 70, "fields": {"Video": 7, "User": 11, "Reating_attrbute": 10, "Reating": 5, "Status": true, "Created_date": "2020-06-11T21:44:20.771Z", "Updated_date": "2020-06-11T21:44:20.771Z"}}, {"model": "videos.vsrating", "pk": 71, "fields": {"Video": 7, "User": 11, "Reating_attrbute": 11, "Reating": 8, "Status": true, "Created_date": "2020-06-11T21:44:20.785Z", "Updated_date": "2020-06-11T21:44:20.785Z"}}, {"model": "videos.vsrating", "pk": 72, "fields": {"Video": 7, "User": 11, "Reating_attrbute": 12, "Reating": 2, "Status": true, "Created_date": "2020-06-11T21:44:20.799Z", "Updated_date": "2020-06-11T21:44:20.799Z"}}, {"model": "videos.vsrating", "pk": 73, "fields": {"Video": 7, "User": 11, "Reating_attrbute": 13, "Reating": 8, "Status": true, "Created_date": "2020-06-11T21:44:20.813Z", "Updated_date": "2020-06-11T21:44:20.813Z"}}, {"model": "videos.vsrating", "pk": 74, "fields": {"Video": 26, "User": 19, "Reating_attrbute": 4, "Reating": 5, "Status": true, "Created_date": "2020-06-12T19:51:50.817Z", "Updated_date": "2020-06-12T19:51:50.817Z"}}, {"model": "videos.vsrating", "pk": 75, "fields": {"Video": 26, "User": 19, "Reating_attrbute": 6, "Reating": 2, "Status": true, "Created_date": "2020-06-12T19:51:50.832Z", "Updated_date": "2020-06-12T19:51:50.832Z"}}, {"model": "videos.vsrating", "pk": 76, "fields": {"Video": 26, "User": 19, "Reating_attrbute": 14, "Reating": 6, "Status": true, "Created_date": "2020-06-12T19:51:50.846Z", "Updated_date": "2020-06-12T19:51:50.846Z"}}, {"model": "videos.vsrating", "pk": 77, "fields": {"Video": 26, "User": 19, "Reating_attrbute": 19, "Reating": 7, "Status": true, "Created_date": "2020-06-12T19:51:50.860Z", "Updated_date": "2020-06-12T19:51:50.860Z"}}, {"model": "videos.vsrating", "pk": 78, "fields": {"Video": 26, "User": 19, "Reating_attrbute": 20, "Reating": 5, "Status": true, "Created_date": "2020-06-12T19:51:50.873Z", "Updated_date": "2020-06-12T19:51:50.874Z"}}, {"model": "videos.vsrating", "pk": 79, "fields": {"Video": 10, "User": 19, "Reating_attrbute": 3, "Reating": 9, "Status": true, "Created_date": "2020-06-12T20:03:41.242Z", "Updated_date": "2020-06-12T20:03:41.242Z"}}, {"model": "videos.vsrating", "pk": 80, "fields": {"Video": 10, "User": 19, "Reating_attrbute": 4, "Reating": 8, "Status": true, "Created_date": "2020-06-12T20:03:41.257Z", "Updated_date": "2020-06-12T20:03:41.257Z"}}, {"model": "videos.vsrating", "pk": 81, "fields": {"Video": 10, "User": 19, "Reating_attrbute": 6, "Reating": 8, "Status": true, "Created_date": "2020-06-12T20:03:41.271Z", "Updated_date": "2020-06-12T20:03:41.271Z"}}, {"model": "videos.vsrating", "pk": 82, "fields": {"Video": 10, "User": 19, "Reating_attrbute": 7, "Reating": 8, "Status": true, "Created_date": "2020-06-12T20:03:41.285Z", "Updated_date": "2020-06-12T20:03:41.285Z"}}, {"model": "videos.vsrating", "pk": 83, "fields": {"Video": 10, "User": 19, "Reating_attrbute": 8, "Reating": 7, "Status": true, "Created_date": "2020-06-12T20:03:41.299Z", "Updated_date": "2020-06-12T20:03:41.299Z"}}, {"model": "videos.vsrating", "pk": 84, "fields": {"Video": 28, "User": 19, "Reating_attrbute": 9, "Reating": 5, "Status": true, "Created_date": "2020-06-12T20:19:17.667Z", "Updated_date": "2020-06-12T20:19:17.667Z"}}, {"model": "videos.vsrating", "pk": 85, "fields": {"Video": 28, "User": 19, "Reating_attrbute": 10, "Reating": 7, "Status": true, "Created_date": "2020-06-12T20:19:17.682Z", "Updated_date": "2020-06-12T20:19:17.682Z"}}, {"model": "videos.vsrating", "pk": 86, "fields": {"Video": 28, "User": 19, "Reating_attrbute": 11, "Reating": 8, "Status": true, "Created_date": "2020-06-12T20:19:17.696Z", "Updated_date": "2020-06-12T20:19:17.696Z"}}, {"model": "videos.vsrating", "pk": 87, "fields": {"Video": 28, "User": 19, "Reating_attrbute": 12, "Reating": 7, "Status": true, "Created_date": "2020-06-12T20:19:17.711Z", "Updated_date": "2020-06-12T20:19:17.711Z"}}, {"model": "videos.vsrating", "pk": 88, "fields": {"Video": 28, "User": 19, "Reating_attrbute": 13, "Reating": 9, "Status": true, "Created_date": "2020-06-12T20:19:17.725Z", "Updated_date": "2020-06-12T20:19:17.725Z"}}, {"model": "videos.vsrating", "pk": 94, "fields": {"Video": 27, "User": 19, "Reating_attrbute": 4, "Reating": 4, "Status": true, "Created_date": "2020-06-15T19:39:33.461Z", "Updated_date": "2020-06-15T19:39:33.461Z"}}, {"model": "videos.vsrating", "pk": 95, "fields": {"Video": 27, "User": 19, "Reating_attrbute": 12, "Reating": 8, "Status": true, "Created_date": "2020-06-15T19:39:33.479Z", "Updated_date": "2020-06-15T19:39:33.479Z"}}, {"model": "videos.vsrating", "pk": 96, "fields": {"Video": 27, "User": 19, "Reating_attrbute": 21, "Reating": 8, "Status": true, "Created_date": "2020-06-15T19:39:33.493Z", "Updated_date": "2020-06-15T19:39:33.493Z"}}, {"model": "videos.vsrating", "pk": 97, "fields": {"Video": 27, "User": 19, "Reating_attrbute": 22, "Reating": 9, "Status": true, "Created_date": "2020-06-15T19:39:33.508Z", "Updated_date": "2020-06-15T19:39:33.508Z"}}, {"model": "videos.vsrating", "pk": 98, "fields": {"Video": 27, "User": 19, "Reating_attrbute": 23, "Reating": 7, "Status": true, "Created_date": "2020-06-15T19:39:33.522Z", "Updated_date": "2020-06-15T19:39:33.522Z"}}, {"model": "videos.vsrating", "pk": 99, "fields": {"Video": 8, "User": 5, "Reating_attrbute": 3, "Reating": 2, "Status": true, "Created_date": "2020-06-15T20:17:59.014Z", "Updated_date": "2020-06-15T20:17:59.014Z"}}, {"model": "videos.vsrating", "pk": 100, "fields": {"Video": 8, "User": 5, "Reating_attrbute": 4, "Reating": 5, "Status": true, "Created_date": "2020-06-15T20:17:59.029Z", "Updated_date": "2020-06-15T20:17:59.029Z"}}, {"model": "videos.vsrating", "pk": 101, "fields": {"Video": 8, "User": 5, "Reating_attrbute": 14, "Reating": 2, "Status": true, "Created_date": "2020-06-15T20:17:59.043Z", "Updated_date": "2020-06-15T20:17:59.043Z"}}, {"model": "videos.vsrating", "pk": 102, "fields": {"Video": 8, "User": 5, "Reating_attrbute": 18, "Reating": 5, "Status": true, "Created_date": "2020-06-15T20:17:59.057Z", "Updated_date": "2020-06-15T20:17:59.057Z"}}, {"model": "videos.vsrating", "pk": 103, "fields": {"Video": 8, "User": 5, "Reating_attrbute": 24, "Reating": 2, "Status": true, "Created_date": "2020-06-15T20:17:59.071Z", "Updated_date": "2020-06-15T20:17:59.071Z"}}, {"model": "videos.vsrating", "pk": 104, "fields": {"Video": 67, "User": 23, "Reating_attrbute": 26, "Reating": 9, "Status": true, "Created_date": "2020-06-16T02:02:52.066Z", "Updated_date": "2020-06-16T02:02:52.066Z"}}, {"model": "videos.vsrating", "pk": 105, "fields": {"Video": 67, "User": 23, "Reating_attrbute": 27, "Reating": 8, "Status": true, "Created_date": "2020-06-16T02:02:52.080Z", "Updated_date": "2020-06-16T02:02:52.080Z"}}, {"model": "videos.vsrating", "pk": 106, "fields": {"Video": 20, "User": 5, "Reating_attrbute": 4, "Reating": 0, "Status": true, "Created_date": "2020-06-17T12:48:46.895Z", "Updated_date": "2020-06-17T12:48:46.895Z"}}, {"model": "videos.vsrating", "pk": 107, "fields": {"Video": 20, "User": 5, "Reating_attrbute": 12, "Reating": 0, "Status": true, "Created_date": "2020-06-17T12:48:46.910Z", "Updated_date": "2020-06-17T12:48:46.910Z"}}, {"model": "videos.vsrating", "pk": 108, "fields": {"Video": 20, "User": 5, "Reating_attrbute": 21, "Reating": 0, "Status": true, "Created_date": "2020-06-17T12:48:46.925Z", "Updated_date": "2020-06-17T12:48:46.925Z"}}, {"model": "videos.vsrating", "pk": 109, "fields": {"Video": 20, "User": 5, "Reating_attrbute": 22, "Reating": 0, "Status": true, "Created_date": "2020-06-17T12:48:46.939Z", "Updated_date": "2020-06-17T12:48:46.939Z"}}, {"model": "videos.vsrating", "pk": 110, "fields": {"Video": 20, "User": 5, "Reating_attrbute": 23, "Reating": 0, "Status": true, "Created_date": "2020-06-17T12:48:46.953Z", "Updated_date": "2020-06-17T12:48:46.953Z"}}, {"model": "videos.vsrating", "pk": 111, "fields": {"Video": 67, "User": 19, "Reating_attrbute": 26, "Reating": 5, "Status": true, "Created_date": "2020-06-17T14:18:12.369Z", "Updated_date": "2020-06-17T14:18:12.369Z"}}, {"model": "videos.vsrating", "pk": 112, "fields": {"Video": 67, "User": 19, "Reating_attrbute": 27, "Reating": 8, "Status": true, "Created_date": "2020-06-17T14:18:12.383Z", "Updated_date": "2020-06-17T14:18:12.383Z"}}, {"model": "videos.vsrating", "pk": 113, "fields": {"Video": 20, "User": 19, "Reating_attrbute": 4, "Reating": 10, "Status": true, "Created_date": "2020-06-17T15:14:01.206Z", "Updated_date": "2020-06-17T15:14:01.206Z"}}, {"model": "videos.vsrating", "pk": 114, "fields": {"Video": 20, "User": 19, "Reating_attrbute": 12, "Reating": 8, "Status": true, "Created_date": "2020-06-17T15:14:01.221Z", "Updated_date": "2020-06-17T15:14:01.221Z"}}, {"model": "videos.vsrating", "pk": 115, "fields": {"Video": 20, "User": 19, "Reating_attrbute": 21, "Reating": 9, "Status": true, "Created_date": "2020-06-17T15:14:01.235Z", "Updated_date": "2020-06-17T15:14:01.235Z"}}, {"model": "videos.vsrating", "pk": 116, "fields": {"Video": 20, "User": 19, "Reating_attrbute": 22, "Reating": 10, "Status": true, "Created_date": "2020-06-17T15:14:01.249Z", "Updated_date": "2020-06-17T15:14:01.249Z"}}, {"model": "videos.vsrating", "pk": 117, "fields": {"Video": 20, "User": 19, "Reating_attrbute": 23, "Reating": 10, "Status": true, "Created_date": "2020-06-17T15:14:01.263Z", "Updated_date": "2020-06-17T15:14:01.263Z"}}, {"model": "videos.vsrating", "pk": 118, "fields": {"Video": 79, "User": 23, "Reating_attrbute": 26, "Reating": 5, "Status": true, "Created_date": "2020-06-19T02:17:47.864Z", "Updated_date": "2020-06-19T02:17:47.864Z"}}, {"model": "videos.vsrating", "pk": 119, "fields": {"Video": 79, "User": 23, "Reating_attrbute": 27, "Reating": 8, "Status": true, "Created_date": "2020-06-19T02:17:47.880Z", "Updated_date": "2020-06-19T02:17:47.880Z"}}, {"model": "videos.vsrating", "pk": 120, "fields": {"Video": 79, "User": 37, "Reating_attrbute": 26, "Reating": 10, "Status": true, "Created_date": "2020-06-19T02:23:26.834Z", "Updated_date": "2020-06-19T02:23:26.834Z"}}, {"model": "videos.vsrating", "pk": 121, "fields": {"Video": 79, "User": 37, "Reating_attrbute": 27, "Reating": 8, "Status": true, "Created_date": "2020-06-19T02:23:26.848Z", "Updated_date": "2020-06-19T02:23:26.848Z"}}, {"model": "videos.vsrating", "pk": 122, "fields": {"Video": 27, "User": 6, "Reating_attrbute": 4, "Reating": 0, "Status": true, "Created_date": "2020-06-20T15:24:33.896Z", "Updated_date": "2020-06-20T15:24:33.896Z"}}, {"model": "videos.vsrating", "pk": 123, "fields": {"Video": 27, "User": 6, "Reating_attrbute": 12, "Reating": 0, "Status": true, "Created_date": "2020-06-20T15:24:33.910Z", "Updated_date": "2020-06-20T15:24:33.910Z"}}, {"model": "videos.vsrating", "pk": 124, "fields": {"Video": 27, "User": 6, "Reating_attrbute": 21, "Reating": 0, "Status": true, "Created_date": "2020-06-20T15:24:33.924Z", "Updated_date": "2020-06-20T15:24:33.924Z"}}, {"model": "videos.vsrating", "pk": 125, "fields": {"Video": 27, "User": 6, "Reating_attrbute": 22, "Reating": 0, "Status": true, "Created_date": "2020-06-20T15:24:33.938Z", "Updated_date": "2020-06-20T15:24:33.938Z"}}, {"model": "videos.vsrating", "pk": 126, "fields": {"Video": 27, "User": 6, "Reating_attrbute": 23, "Reating": 0, "Status": true, "Created_date": "2020-06-20T15:24:33.952Z", "Updated_date": "2020-06-20T15:24:33.952Z"}}, {"model": "videos.vsnonregisteruser", "pk": 7, "fields": {"user_id": "2020-05-31 11:26:55.923891", "Video": 29, "watch_date": "2020-05-31T11:26:55.925Z", "User_ip": "157.34.97.25"}}, {"model": "videos.vsnonregisteruser", "pk": 8, "fields": {"user_id": "2020-06-02 07:01:19.696887", "Video": 29, "watch_date": "2020-06-02T07:01:19.698Z", "User_ip": "157.34.138.59"}}, {"model": "videos.vsnonregisteruser", "pk": 15, "fields": {"user_id": "2020-06-03 09:15:19.460022", "Video": 24, "watch_date": "2020-06-03T09:15:19.461Z", "User_ip": "152.57.19.140"}}, {"model": "videos.vsnonregisteruser", "pk": 16, "fields": {"user_id": "2020-06-03 09:15:19.460022", "Video": 25, "watch_date": "2020-06-03T09:15:27.637Z", "User_ip": "152.57.19.140"}}, {"model": "videos.vsnonregisteruser", "pk": 17, "fields": {"user_id": "2020-06-03 09:15:19.460022", "Video": 25, "watch_date": "2020-06-03T09:16:02.488Z", "User_ip": "152.57.19.140"}}, {"model": "videos.vsnonregisteruser", "pk": 19, "fields": {"user_id": "2020-06-04 08:32:31.307103", "Video": 20, "watch_date": "2020-06-04T08:33:08.633Z", "User_ip": "106.223.176.115"}}, {"model": "videos.vsnonregisteruser", "pk": 22, "fields": {"user_id": "2020-06-03 05:27:28.443896", "Video": 20, "watch_date": "2020-06-04T18:00:54.306Z", "User_ip": "45.251.51.182"}}, {"model": "videos.vsnonregisteruser", "pk": 25, "fields": {"user_id": "2020-06-05 20:14:29.204899", "Video": 7, "watch_date": "2020-06-05T20:14:29.205Z", "User_ip": "47.247.26.211"}}, {"model": "videos.vsnonregisteruser", "pk": 26, "fields": {"user_id": "2020-06-10 02:38:30.038467", "Video": 7, "watch_date": "2020-06-10T02:38:30.039Z", "User_ip": "73.137.18.9"}}, {"model": "videos.vsnonregisteruser", "pk": 27, "fields": {"user_id": "2020-06-03 05:27:28.443896", "Video": 28, "watch_date": "2020-06-12T19:09:49.448Z", "User_ip": "103.219.228.143"}}, {"model": "videos.vsnonregisteruser", "pk": 28, "fields": {"user_id": "2020-06-13 09:27:45.213173", "Video": 6, "watch_date": "2020-06-13T09:27:45.214Z", "User_ip": "152.57.61.136"}}, {"model": "videos.vsnonregisteruser", "pk": 29, "fields": {"user_id": "2020-06-13 09:27:45.213173", "Video": 8, "watch_date": "2020-06-13T09:27:53.793Z", "User_ip": "152.57.61.136"}}, {"model": "videos.vsnonregisteruser", "pk": 30, "fields": {"user_id": "2020-06-03 05:27:28.443896", "Video": 67, "watch_date": "2020-06-16T15:14:06.276Z", "User_ip": "103.219.228.143"}}, {"model": "videos.vsnonregisteruser", "pk": 31, "fields": {"user_id": "2020-06-20 17:32:25.863944", "Video": 65, "watch_date": "2020-06-20T17:32:25.864Z", "User_ip": "106.51.232.116"}}, {"model": "videos.vsnonregisteruser", "pk": 32, "fields": {"user_id": "2020-07-05 05:40:32.319091", "Video": 10, "watch_date": "2020-07-05T05:40:32.320Z", "User_ip": "52.95.4.8"}}, {"model": "project_control.vssystemsettings", "pk": 1, "fields": {"Project_Title": "RATED ME", "Tag_Line": "upload videos for your good memory", "Logo": "system_settings/logo/2020/6/1/logo_with_transparent_background_1.png", "Favicon_Icon": "system_settings/favicon/2020/6/1/Logo.jpeg", "No_of_videos_watch_befure_login": 3, "No_of_videos_watch_after_login": 0, "No_of_videos_uploaded_by_one_account": 7, "Promotional_Email": "deepakpatel@digimonk.in", "Promotional_Email_password": "12345", "Created_date": "2020-05-14T11:47:49Z", "Updated_date": "2020-05-14T11:47:49Z"}}, {"model": "home.vshomepagesettings", "pk": 1, "fields": {"Video_Of_The_Day": 7, "Video_Of_The_Day_Thumbnail": "home_page_setting/celine_Dion_-_My_Heart_Will_Go_On/2020/6/5/thumbnail/sunset-5222626_640.jpg", "Session_2_Title": "About Rated ME", "Session_2_description": "Nam liber tempor cum soluta nobis eleifend option congue nihil imperdiet doming id quod mazim placerat facer possim assum. Typi non habent claritatem insitam; est usus legentis in iis qui facit eorum", "Session_2_Image": "Session_2/Award_Winning_Videos/2020/5/30/thumbnail/music.jpg", "Session_3_box_1_Title": "Register User", "Session_3_box_1_description": "Nam liber tempor cum soluta nobis eleifend option", "Session_3_box_1_Image": "Session_2_box_1/Register_User/2020/5/30/thumbnail/video-1.jpg", "Session_3_box_2_Title": "Votes", "Session_3_box_2_description": "Nam liber tempor cum soluta nobis eleifend option", "Session_3_box_2_Image": "Session_2_box_2/Votes/2020/5/30/thumbnail/video-3.jpg", "Session_3_box_3_Title": "Videos", "Session_3_box_3_description": "Nam liber tempor cum soluta nobis eleifend option", "Session_3_box_3_Image": "Session_2_box_3/Videos/2020/5/30/thumbnail/video-2.jpg", "Facebook_Page_Link": "http://3.22.99.131/", "LinkedIn_Page_Link": "http://3.22.99.131/", "Twitter_Page_Link": "http://3.22.99.131/", "Instagram_Page_Link": "http://3.22.99.131/", "Updated_date": "2020-05-30T06:31:13Z", "Videos_Of_The_Week": [6, 8, 10]}}, {"model": "favourite_videos.vsfavourite", "pk": 11, "fields": {"Subscribe": 5, "VsUser": 11, "Video": 17, "Create_date": "2020-06-09T18:31:47.017Z"}}, {"model": "favourite_videos.vsfavourite", "pk": 12, "fields": {"Subscribe": 6, "VsUser": 11, "Video": 20, "Create_date": "2020-06-11T18:14:14.820Z"}}, {"model": "favourite_videos.vsfavourite", "pk": 13, "fields": {"Subscribe": 7, "VsUser": 19, "Video": 26, "Create_date": "2020-06-12T19:51:19.420Z"}}, {"model": "favourite_videos.vsfavourite", "pk": 15, "fields": {"Subscribe": 15, "VsUser": 19, "Video": null, "Create_date": "2020-06-12T20:15:37.902Z"}}, {"model": "favourite_videos.vsfavourite", "pk": 16, "fields": {"Subscribe": 22, "VsUser": 23, "Video": 67, "Create_date": "2020-06-14T19:20:18.804Z"}}, {"model": "favourite_videos.vssendemailfornewvideo", "pk": 71, "fields": {"Videos": null, "VsUser": 2, "Send_date": "2020-06-02T15:44:10.084Z"}}, {"model": "favourite_videos.vssendemailfornewvideo", "pk": 72, "fields": {"Videos": null, "VsUser": 5, "Send_date": "2020-06-02T15:44:11.151Z"}}, {"model": "favourite_videos.vssendemailfornewvideo", "pk": 73, "fields": {"Videos": null, "VsUser": 2, "Send_date": "2020-06-02T15:44:12.233Z"}}, {"model": "favourite_videos.vssendemailfornewvideo", "pk": 74, "fields": {"Videos": null, "VsUser": 2, "Send_date": "2020-06-02T15:44:12.619Z"}}, {"model": "favourite_videos.vssendemailfornewvideo", "pk": 75, "fields": {"Videos": null, "VsUser": 5, "Send_date": "2020-06-02T15:44:13.909Z"}}, {"model": "favourite_videos.vssendemailfornewvideo", "pk": 76, "fields": {"Videos": null, "VsUser": 5, "Send_date": "2020-06-02T15:44:14.492Z"}}, {"model": "favourite_videos.vssendemailfornewvideo", "pk": 77, "fields": {"Videos": 29, "VsUser": 11, "Send_date": "2020-06-02T15:44:15.009Z"}}, {"model": "favourite_videos.vssendemailfornewvideo", "pk": 78, "fields": {"Videos": 29, "VsUser": 11, "Send_date": "2020-06-02T15:44:15.792Z"}}, {"model": "favourite_videos.vssendemailfornewvideo", "pk": 79, "fields": {"Videos": 28, "VsUser": 11, "Send_date": "2020-06-02T15:44:16.206Z"}}, {"model": "favourite_videos.vssendemailfornewvideo", "pk": 80, "fields": {"Videos": 28, "VsUser": 11, "Send_date": "2020-06-02T15:44:17.007Z"}}, {"model": "favourite_videos.vssendemailfornewvideo", "pk": 81, "fields": {"Videos": 27, "VsUser": 11, "Send_date": "2020-06-02T15:44:17.318Z"}}, {"model": "favourite_videos.vssendemailfornewvideo", "pk": 82, "fields": {"Videos": 27, "VsUser": 11, "Send_date": "2020-06-02T15:44:18.226Z"}}, {"model": "favourite_videos.vssendemailfornewvideo", "pk": 83, "fields": {"Videos": 26, "VsUser": 11, "Send_date": "2020-06-02T15:44:18.643Z"}}, {"model": "favourite_videos.vssendemailfornewvideo", "pk": 84, "fields": {"Videos": 26, "VsUser": 11, "Send_date": "2020-06-02T15:44:19.429Z"}}, {"model": "favourite_videos.vssendemailfornewvideo", "pk": 85, "fields": {"Videos": 25, "VsUser": 11, "Send_date": "2020-06-02T15:44:19.767Z"}}, {"model": "favourite_videos.vssendemailfornewvideo", "pk": 86, "fields": {"Videos": 24, "VsUser": 11, "Send_date": "2020-06-02T15:46:42.440Z"}}, {"model": "favourite_videos.vssendemailfornewvideo", "pk": 87, "fields": {"Videos": 20, "VsUser": 2, "Send_date": "2020-06-02T15:46:43.695Z"}}, {"model": "favourite_videos.vssendemailfornewvideo", "pk": 88, "fields": {"Videos": 20, "VsUser": 5, "Send_date": "2020-06-02T15:46:44.778Z"}}, {"model": "favourite_videos.vssendemailfornewvideo", "pk": 89, "fields": {"Videos": null, "VsUser": 2, "Send_date": "2020-06-02T15:46:45.966Z"}}, {"model": "favourite_videos.vssendemailfornewvideo", "pk": 90, "fields": {"Videos": null, "VsUser": 5, "Send_date": "2020-06-02T15:46:47.274Z"}}, {"model": "favourite_videos.vssendemailfornewvideo", "pk": 91, "fields": {"Videos": null, "VsUser": 11, "Send_date": "2020-06-02T16:05:58.705Z"}}, {"model": "favourite_videos.vssendemailfornewvideo", "pk": 92, "fields": {"Videos": null, "VsUser": 11, "Send_date": "2020-06-02T16:06:00.120Z"}}, {"model": "favourite_videos.vssendemailfornewvideo", "pk": 93, "fields": {"Videos": null, "VsUser": 11, "Send_date": "2020-06-02T16:06:01.291Z"}}, {"model": "favourite_videos.vssendemailfornewvideo", "pk": 94, "fields": {"Videos": null, "VsUser": 11, "Send_date": "2020-06-02T16:06:02.485Z"}}, {"model": "favourite_videos.vssendemailfornewvideo", "pk": 95, "fields": {"Videos": null, "VsUser": 11, "Send_date": "2020-06-02T16:06:03.828Z"}}, {"model": "favourite_videos.vssendemailfornewvideo", "pk": 96, "fields": {"Videos": null, "VsUser": 11, "Send_date": "2020-06-02T16:06:04.980Z"}}, {"model": "favourite_videos.vssendemailfornewvideo", "pk": 97, "fields": {"Videos": null, "VsUser": 11, "Send_date": "2020-06-02T16:06:06.532Z"}}, {"model": "favourite_videos.vssendemailfornewvideo", "pk": 98, "fields": {"Videos": null, "VsUser": 11, "Send_date": "2020-06-02T16:06:07.921Z"}}, {"model": "favourite_videos.vssendemailfornewvideo", "pk": 99, "fields": {"Videos": 18, "VsUser": 11, "Send_date": "2020-06-09T18:32:02.696Z"}}, {"model": "favourite_videos.vssendemailfornewvideo", "pk": 100, "fields": {"Videos": 17, "VsUser": 11, "Send_date": "2020-06-09T18:32:04.086Z"}}, {"model": "favourite_videos.vssendemailfornewvideo", "pk": 101, "fields": {"Videos": null, "VsUser": 11, "Send_date": "2020-06-11T18:38:21.929Z"}}, {"model": "favourite_videos.vssendemailfornewvideo", "pk": 102, "fields": {"Videos": null, "VsUser": 11, "Send_date": "2020-06-11T18:38:22.244Z"}}, {"model": "favourite_videos.vssendemailfornewvideo", "pk": 103, "fields": {"Videos": null, "VsUser": 11, "Send_date": "2020-06-11T19:07:46.117Z"}}, {"model": "favourite_videos.vssendemailfornewvideo", "pk": 104, "fields": {"Videos": null, "VsUser": 11, "Send_date": "2020-06-11T19:07:47.018Z"}}, {"model": "favourite_videos.vssendemailfornewvideo", "pk": 105, "fields": {"Videos": null, "VsUser": 11, "Send_date": "2020-06-11T19:28:00.094Z"}}, {"model": "favourite_videos.vssendemailfornewvideo", "pk": 106, "fields": {"Videos": null, "VsUser": 11, "Send_date": "2020-06-11T19:28:00.524Z"}}, {"model": "favourite_videos.vssendemailfornewvideo", "pk": 107, "fields": {"Videos": null, "VsUser": 19, "Send_date": "2020-06-12T20:15:26.985Z"}}, {"model": "favourite_videos.vssendemailfornewvideo", "pk": 108, "fields": {"Videos": null, "VsUser": 19, "Send_date": "2020-06-12T20:15:27.571Z"}}, {"model": "favourite_videos.vssendemailfornewvideo", "pk": 109, "fields": {"Videos": 67, "VsUser": 23, "Send_date": "2020-06-14T19:20:20.048Z"}}, {"model": "favourite_videos.vssendemailfornewvideo", "pk": 110, "fields": {"Videos": 67, "VsUser": 23, "Send_date": "2020-06-14T19:20:20.648Z"}}, {"model": "favourite_videos.vssendemailfornewvideo", "pk": 111, "fields": {"Videos": 67, "VsUser": 23, "Send_date": "2020-06-14T19:20:21.055Z"}}, {"model": "favourite_videos.vssendemailfornewvideo", "pk": 112, "fields": {"Videos": null, "VsUser": 11, "Send_date": "2020-06-17T10:58:02.159Z"}}, {"model": "favourite_videos.vssendemailfornewvideo", "pk": 113, "fields": {"Videos": 10, "VsUser": 5, "Send_date": "2020-06-17T11:55:38.464Z"}}, {"model": "favourite_videos.vssendemailfornewvideo", "pk": 114, "fields": {"Videos": 10, "VsUser": 5, "Send_date": "2020-06-17T11:55:38.854Z"}}, {"model": "favourite_videos.vssendemailfornewvideo", "pk": 115, "fields": {"Videos": 10, "VsUser": 5, "Send_date": "2020-06-17T11:55:39.242Z"}}, {"model": "favourite_videos.vssendemailfornewvideo", "pk": 116, "fields": {"Videos": 9, "VsUser": 5, "Send_date": "2020-06-17T11:55:39.615Z"}}, {"model": "favourite_videos.vssendemailfornewvideo", "pk": 117, "fields": {"Videos": 9, "VsUser": 5, "Send_date": "2020-06-17T11:55:40.114Z"}}, {"model": "favourite_videos.vssendemailfornewvideo", "pk": 118, "fields": {"Videos": 9, "VsUser": 5, "Send_date": "2020-06-17T11:55:40.455Z"}}, {"model": "favourite_videos.vssendemailfornewvideo", "pk": 119, "fields": {"Videos": null, "VsUser": 19, "Send_date": "2020-06-20T08:51:42.556Z"}}, {"model": "favourite_videos.vssendemailfornewvideo", "pk": 120, "fields": {"Videos": 84, "VsUser": 19, "Send_date": "2020-06-20T18:36:02.901Z"}}, {"model": "favourite_videos.vssendemailfornewvideo", "pk": 121, "fields": {"Videos": 84, "VsUser": 19, "Send_date": "2020-06-20T18:36:03.110Z"}}, {"model": "favourite_videos.vssendemailfornewvideo", "pk": 122, "fields": {"Videos": 84, "VsUser": 19, "Send_date": "2020-06-20T18:36:03.525Z"}}, {"model": "manage_cms_page.vscmspage", "pk": 1, "fields": {"Title": "ABOUT US", "keywork": "about-us", "Background_Image": "cms/background/ABOUT-US/2020/5/27/thumbnail/about_banner.jpg", "Description": "Lorem Ipsum is simply dummy text of the printing and typesetting industry. Lorem Ipsum has been the industry's standard dummy text ever since the 1500s, when an unknown printer took a galley of type and scrambled it to make a type specimen book.", "Page_content": "<section class=\"bg-gray\">\r\n<div class=\"container\">\r\n<div class=\"row d-flex\">\r\n<div class=\"col-md-6\">\r\n<div class=\"about_left\">\r\n<h2>Who We are</h2>\r\n<p>Lorem Ipsum is simply dummy text of the printing and typesetting industry. Lorem Ipsum has been the industry's standard dummy text ever since the 1500s, when an unknown printer took a galley of type and scrambled it to make a type specimen book. </p>\r\n</div>\r\n</div>\r\n<div class=\"col-md-6\"><img src=\"/media/django-summernote/2020-06-03/de8ffc81-1eb9-4018-952f-b89bc3024032.jpg\" style=\"width: 100%;\">\r\n<div class=\"about-img img-shadow\">\r\n\r\n</div>\r\n</div>\r\n\r\n</div>\r\n</div>\r\n</section>\r\n\r\n<section>\r\n<div class=\"container\">\r\n<div class=\"row d-flex\">\r\n<div class=\"col-md-6\">\r\n<div class=\"about-img\"><img src=\"/media/django-summernote/2020-06-03/79a05926-a015-4ea9-bcf8-429dbc92e450.jpg\" style=\"width: 100%;\"><br></div>\r\n</div>\r\n<div class=\"col-md-6\">\r\n<div class=\"about_left\">\r\n<h2>Who We are</h2>\r\n<p>Lorem Ipsum is simply dummy text of the printing and typesetting industry. Lorem Ipsum has been the industry's standard dummy text ever since the 1500s, when an unknown printer took a galley of type and scrambled it to make a type specimen book. </p>\r\n</div>\r\n</div>\r\n\r\n\r\n</div>\r\n</div>\r\n</section>"}}, {"model": "manage_cms_page.vscmspage", "pk": 2, "fields": {"Title": "Terms of use", "keywork": "terms-of-use", "Background_Image": "cms/background/Terms-of-use/2020/5/27/thumbnail/about_banner.jpg", "Description": "Lorem Ipsum is simply dummy text of the printing and typesetting industry. Lorem Ipsum has been the industry's standard dummy text ever since the 1500s, when an unknown printer took a galley of type and scrambled it to make a type specimen book.", "Page_content": "<section>\r\n<div class=\"container\">\r\n<div class=\"row\">\r\n<div class=\"col-md-12\">\r\n<div class=\"content-text\">\r\n<h2 class=\"title_h2\"><span>Lorem Ipsum</span></h2>\r\n<p>Lorem Ipsum is simply dummy text of the printing and typesetting industry. Lorem Ipsum has been the industry's standard dummy text ever since the 1500s, when an unknown printer took a galley of type and scrambled it to make a type specimen book. It has survived not only five centuries, but also the leap into electronic typesetting, remaining essentially unchanged. It was popularised in the 1960s with the release of Letraset sheets containing Lorem Ipsum passages, and more recently with desktop publishing software like Aldus PageMaker including versions of Lorem Ipsum.</p><p><br></p><h2 class=\"title_h2\" style=\"font-family: &quot;Helvetica Neue&quot;, Helvetica, Arial, sans-serif; color: rgb(0, 0, 0);\">Lorem Ipsum</h2><p>Lorem Ipsum is simply dummy text of the printing and typesetting industry. Lorem Ipsum has been the industry's standard dummy text ever since the 1500s, when an unknown printer took a galley of type and scrambled it to make a type specimen book. It has survived not only five centuries, but also the leap into electronic typesetting, remaining essentially unchanged. It was popularised in the 1960s with the release of Letraset sheets containing Lorem Ipsum passages, and more recently with desktop publishing software like Aldus PageMaker including versions of Lorem Ipsum.</p><p><br></p><h2 class=\"title_h2\" style=\"font-family: &quot;Helvetica Neue&quot;, Helvetica, Arial, sans-serif; color: rgb(0, 0, 0);\">Lorem Ipsum</h2><p>Lorem Ipsum is simply dummy text of the printing and typesetting industry. Lorem Ipsum has been the industry's standard dummy text ever since the 1500s, when an unknown printer took a galley of type and scrambled it to make a type specimen book. It has survived not only five centuries, but also the leap into electronic typesetting, remaining essentially unchanged. It was popularised in the 1960s with the release of Letraset sheets containing Lorem Ipsum passages, and more recently with desktop publishing software like Aldus PageMaker including versions of Lorem Ipsum.</p><p><br></p><h2 class=\"title_h2\" style=\"font-family: &quot;Helvetica Neue&quot;, Helvetica, Arial, sans-serif; color: rgb(0, 0, 0);\">Lorem Ipsum</h2><p>Lorem Ipsum is simply dummy text of the printing and typesetting industry. Lorem Ipsum has been the industry's standard dummy text ever since the 1500s, when an unknown printer took a galley of type and scrambled it to make a type specimen book. It has survived not only five centuries, but also the leap into electronic typesetting, remaining essentially unchanged. It was popularised in the 1960s with the release of Letraset sheets containing Lorem Ipsum passages, and more recently with desktop publishing software like Aldus PageMaker including versions of Lorem Ipsum.</p><p><br></p><h2 class=\"title_h2\" style=\"font-family: &quot;Helvetica Neue&quot;, Helvetica, Arial, sans-serif; color: rgb(0, 0, 0);\">Lorem Ipsum</h2><p>Lorem Ipsum is simply dummy text of the printing and typesetting industry. Lorem Ipsum has been the industry's standard dummy text ever since the 1500s, when an unknown printer took a galley of type and scrambled it to make a type specimen book. It has survived not only five centuries, but also the leap into electronic typesetting, remaining essentially unchanged. It was popularised in the 1960s with the release of Letraset sheets containing Lorem Ipsum passages, and more recently with desktop publishing software like Aldus PageMaker including versions of Lorem Ipsum.</p>\r\n</div>\r\n\r\n</div>\r\n</div>\r\n</div>\r\n</section>"}}, {"model": "manage_cms_page.vscmspage", "pk": 3, "fields": {"Title": "Privacy Policy", "keywork": "privacy-policy", "Background_Image": "cms/background/Privacy-Policy/2020/5/27/thumbnail/about_banner.jpg", "Description": "Lorem Ipsum is simply dummy text of the printing and typesetting industry. Lorem Ipsum has been the industry's standard dummy text ever since the 1500s, when an unknown printer took a galley of type and scrambled it to make a type specimen book.", "Page_content": "<section>\r\n<div class=\"container\">\r\n<div class=\"row\">\r\n<div class=\"col-md-12\">\r\n<div class=\"content-text\">\r\n<h2 class=\"title_h2\"><span>Lorem Ipsum</span></h2>\r\n<p>Lorem Ipsum is simply dummy text of the printing and typesetting industry. Lorem Ipsum has been the industry's standard dummy text ever since the 1500s, when an unknown printer took a galley of type and scrambled it to make a type specimen book. It has survived not only five centuries, but also the leap into electronic typesetting, remaining essentially unchanged. It was popularised in the 1960s with the release of Letraset sheets containing Lorem Ipsum passages, and more recently with desktop publishing software like Aldus PageMaker including versions of Lorem Ipsum.</p><p><br></p><h2 class=\"title_h2\" style=\"font-family: &quot;Helvetica Neue&quot;, Helvetica, Arial, sans-serif; color: rgb(0, 0, 0);\">Lorem Ipsum</h2><p>Lorem Ipsum is simply dummy text of the printing and typesetting industry. Lorem Ipsum has been the industry's standard dummy text ever since the 1500s, when an unknown printer took a galley of type and scrambled it to make a type specimen book. It has survived not only five centuries, but also the leap into electronic typesetting, remaining essentially unchanged. It was popularised in the 1960s with the release of Letraset sheets containing Lorem Ipsum passages, and more recently with desktop publishing software like Aldus PageMaker including versions of Lorem Ipsum.</p><p><br></p><h2 class=\"title_h2\" style=\"font-family: &quot;Helvetica Neue&quot;, Helvetica, Arial, sans-serif; color: rgb(0, 0, 0);\">Lorem Ipsum</h2><p>Lorem Ipsum is simply dummy text of the printing and typesetting industry. Lorem Ipsum has been the industry's standard dummy text ever since the 1500s, when an unknown printer took a galley of type and scrambled it to make a type specimen book. It has survived not only five centuries, but also the leap into electronic typesetting, remaining essentially unchanged. It was popularised in the 1960s with the release of Letraset sheets containing Lorem Ipsum passages, and more recently with desktop publishing software like Aldus PageMaker including versions of Lorem Ipsum.</p><p><br></p><h2 class=\"title_h2\" style=\"font-family: &quot;Helvetica Neue&quot;, Helvetica, Arial, sans-serif; color: rgb(0, 0, 0);\">Lorem Ipsum</h2><p>Lorem Ipsum is simply dummy text of the printing and typesetting industry. Lorem Ipsum has been the industry's standard dummy text ever since the 1500s, when an unknown printer took a galley of type and scrambled it to make a type specimen book. It has survived not only five centuries, but also the leap into electronic typesetting, remaining essentially unchanged. It was popularised in the 1960s with the release of Letraset sheets containing Lorem Ipsum passages, and more recently with desktop publishing software like Aldus PageMaker including versions of Lorem Ipsum.</p><p><br></p><h2 class=\"title_h2\" style=\"font-family: &quot;Helvetica Neue&quot;, Helvetica, Arial, sans-serif; color: rgb(0, 0, 0);\">Lorem Ipsum</h2><p>Lorem Ipsum is simply dummy text of the printing and typesetting industry. Lorem Ipsum has been the industry's standard dummy text ever since the 1500s, when an unknown printer took a galley of type and scrambled it to make a type specimen book. It has survived not only five centuries, but also the leap into electronic typesetting, remaining essentially unchanged. It was popularised in the 1960s with the release of Letraset sheets containing Lorem Ipsum passages, and more recently with desktop publishing software like Aldus PageMaker including versions of Lorem Ipsum.</p>\r\n</div>\r\n\r\n</div>\r\n</div>\r\n</div>\r\n</section>"}}, {"model": "manage_cms_page.vscmspage", "pk": 4, "fields": {"Title": "CAREER", "keywork": "career", "Background_Image": "cms/background/career/2020/5/29/thumbnail/about_banner.jpg", "Description": "Lorem Ipsum is simply dummy text of the printing and typesetting industry. Lorem Ipsum has been the industry's standard dummy text ever since the 1500s, when an unknown printer took a galley of type and scrambled it to make a type specimen book.", "Page_content": "<section>\r\n<div class=\"container\">\r\n<div class=\"row\">\r\n<div class=\"col-md-12\">\r\n<div class=\"content-text\">\r\n<h2 class=\"title_h2\"><span>Lorem Ipsum</span></h2>\r\n<p>Lorem Ipsum is simply dummy text of the printing and typesetting industry. Lorem Ipsum has been the industry's standard dummy text ever since the 1500s, when an unknown printer took a galley of type and scrambled it to make a type specimen book. It has survived not only five centuries, but also the leap into electronic typesetting, remaining essentially unchanged. It was popularised in the 1960s with the release of Letraset sheets containing Lorem Ipsum passages, and more recently with desktop publishing software like Aldus PageMaker including versions of Lorem Ipsum.</p>\r\n</div>\r\n\r\n</div>\r\n</div>\r\n</div>\r\n</section>"}}, {"model": "subscription.vspaypal", "pk": 1, "fields": {"PayPal_Clientid": "AQ9-BCwXV7PaAj4aDE9OdYxCzUTXCRqdh8uZYchQBtSlDlMBZ9qn-fUj4OUe3MLmfwi5AHfNuTdPQh7P", "update_date": "2020-07-29T13:22:42.100Z"}}, {"model": "subscription.vssubscription", "pk": 1, "fields": {"Package_name": "Free Subscription", "Price": 0.0, "Free_trial": false, "Description": "<ul class=\"watch\">\r\n<li>Watch all videos</li>\r\n<li>Provide user ratings &amp; contribute to user\u2019s score card</li>\r\n<li>Upload up to 1 Video for feedback and receive rated score card</li>\r\n</ul>", "Set_order": 1}}, {"model": "subscription.vssubscription", "pk": 2, "fields": {"Package_name": "Paid Subscription", "Price": 7.95, "Free_trial": true, "Description": "<ul class=\"watch\">\r\n<li>Watch all videos  </li>\r\n<li>Provide user ratings &amp; contribute to user\u2019s score card</li>\r\n<li>Upload up to 1 Video for feedback and receive rated score card</li>\r\n<li>Access to Virtual Workshops led by professionals in your area</li>\r\n<li>Free Pass to watch virtual competitions</li>\r\n<li>Free Pass to watch virtual shows</li>\r\n<li>Upload up to 7 videos in any category. </li>\r\n<li>Subscription is 7.95 per month but it will be billed in quarters. </li>\r\n</ul>", "Set_order": 2}}, {"model": "subscription.vsusersubscriptionpayment", "pk": 64, "fields": {"order_id": "CJR4MBVM8Y", "Package_name": 1, "User": 6, "Buy_date": "2020-07-27T10:03:12.575Z", "Start_date": "2020-07-27T10:03:12.575Z", "Expayer_date": "2020-08-27T10:03:12.575Z", "Payment_status": false, "Active_status": false, "Amount": 0.0, "Payment_method": null, "Transaction_id": null}}, {"model": "subscription.vsusersubscriptionpayment", "pk": 65, "fields": {"order_id": "MUTYNFHS3A", "Package_name": 2, "User": 6, "Buy_date": "2020-07-27T10:04:24.221Z", "Start_date": "2020-07-27T10:04:24.221Z", "Expayer_date": "2020-10-27T10:04:24.221Z", "Payment_status": true, "Active_status": true, "Amount": 23.85, "Payment_method": "PayPal", "Transaction_id": "1RR60689T2092615Y"}}, {"model": "subscription.vsusersubscriptionpayment", "pk": 66, "fields": {"order_id": "X6XWSCJNPJ", "Package_name": 1, "User": 52, "Buy_date": "2020-07-28T06:33:04.364Z", "Start_date": "2020-07-28T06:33:04.364Z", "Expayer_date": "2020-08-28T06:33:04.364Z", "Payment_status": false, "Active_status": true, "Amount": 0.0, "Payment_method": null, "Transaction_id": null}}, {"model": "subscription.vsusersubscriptionpayment", "pk": 67, "fields": {"order_id": "JJTXF30QD9", "Package_name": 2, "User": 52, "Buy_date": "2020-07-28T06:33:30.843Z", "Start_date": "2020-07-28T06:33:30.843Z", "Expayer_date": "2020-08-28T06:33:30.842Z", "Payment_status": false, "Active_status": false, "Amount": 23.85, "Payment_method": null, "Transaction_id": null}}, {"model": "subscription.vsusersubscriptionpayment", "pk": 68, "fields": {"order_id": "69NN5SZC67", "Package_name": 2, "User": 54, "Buy_date": "2020-07-28T06:46:30.556Z", "Start_date": "2020-07-28T06:46:30.556Z", "Expayer_date": "2020-08-28T06:46:30.556Z", "Payment_status": false, "Active_status": false, "Amount": 23.85, "Payment_method": null, "Transaction_id": null}}, {"model": "subscription.vsusersubscriptionpayment", "pk": 69, "fields": {"order_id": "Z8ZG8NRUUJ", "Package_name": 1, "User": 54, "Buy_date": "2020-07-28T06:46:37.804Z", "Start_date": "2020-07-28T06:46:37.804Z", "Expayer_date": "2020-08-28T06:46:37.804Z", "Payment_status": false, "Active_status": true, "Amount": 0.0, "Payment_method": null, "Transaction_id": null}}, {"model": "subscription.vsusersubscriptionpayment", "pk": 70, "fields": {"order_id": "SEHY3HUF2X", "Package_name": 2, "User": 54, "Buy_date": "2020-07-28T06:47:55Z", "Start_date": "2020-07-28T06:47:55Z", "Expayer_date": "2020-08-28T06:47:55Z", "Payment_status": true, "Active_status": true, "Amount": 23.85, "Payment_method": null, "Transaction_id": null}}, {"model": "subscription.vsusersubscriptionpayment", "pk": 80, "fields": {"order_id": "HZ56A3BVM4", "Package_name": 1, "User": 53, "Buy_date": "2020-07-29T13:30:28Z", "Start_date": "2020-07-29T13:30:28Z", "Expayer_date": "2020-08-29T13:30:28Z", "Payment_status": true, "Active_status": false, "Amount": 0.0, "Payment_method": null, "Transaction_id": null}}, {"model": "subscription.vsusersubscriptionpayment", "pk": 89, "fields": {"order_id": "TPZFFBSVX6", "Package_name": 2, "User": 53, "Buy_date": "2020-07-29T13:51:05.333Z", "Start_date": "2020-07-29T13:51:05.333Z", "Expayer_date": "2020-11-29T13:51:05.331Z", "Payment_status": true, "Active_status": false, "Amount": 23.85, "Payment_method": "PayPal", "Transaction_id": "8B193459BL858663H"}}, {"model": "subscription.vsusersubscriptionpayment", "pk": 90, "fields": {"order_id": "YD51MSSBAA", "Package_name": 2, "User": 53, "Buy_date": "2020-07-29T13:51:49.255Z", "Start_date": "2020-07-29T13:51:49.255Z", "Expayer_date": "2020-10-29T13:51:49.253Z", "Payment_status": true, "Active_status": false, "Amount": 23.85, "Payment_method": "PayPal", "Transaction_id": "3C7217734Y731681L"}}, {"model": "subscription.vsusersubscriptionpayment", "pk": 91, "fields": {"order_id": "GMUGBGRZJ3", "Package_name": 2, "User": 53, "Buy_date": "2020-07-29T13:54:20.254Z", "Start_date": "2020-07-29T13:54:20.254Z", "Expayer_date": "2020-10-29T13:54:20.252Z", "Payment_status": true, "Active_status": false, "Amount": 23.85, "Payment_method": "PayPal", "Transaction_id": "6U0570073H551403Y"}}, {"model": "subscription.vsusersubscriptionpayment", "pk": 92, "fields": {"order_id": "BGNWR8KHFI", "Package_name": 2, "User": 53, "Buy_date": "2020-07-29T13:57:20.436Z", "Start_date": "2020-07-29T13:57:20.436Z", "Expayer_date": "2020-10-29T13:57:20.434Z", "Payment_status": true, "Active_status": true, "Amount": 23.85, "Payment_method": "PayPal", "Transaction_id": "9MA808855J3830357"}}, {"model": "subscription.vsusersubscriptionpayment", "pk": 93, "fields": {"order_id": "9OFLCFG72Q", "Package_name": 2, "User": 55, "Buy_date": "2020-07-30T13:23:12.124Z", "Start_date": "2020-07-30T13:23:12.124Z", "Expayer_date": "2020-11-30T13:23:12.121Z", "Payment_status": true, "Active_status": true, "Amount": 23.85, "Payment_method": "PayPal", "Transaction_id": "7UD15412MG810701D"}}, {"model": "auth.permission", "pk": 1, "fields": {"name": "Can add log entry", "content_type": 1, "codename": "add_logentry"}}, {"model": "auth.permission", "pk": 2, "fields": {"name": "Can change log entry", "content_type": 1, "codename": "change_logentry"}}, {"model": "auth.permission", "pk": 3, "fields": {"name": "Can delete log entry", "content_type": 1, "codename": "delete_logentry"}}, {"model": "auth.permission", "pk": 4, "fields": {"name": "Can view log entry", "content_type": 1, "codename": "view_logentry"}}, {"model": "auth.permission", "pk": 5, "fields": {"name": "Can add permission", "content_type": 2, "codename": "add_permission"}}, {"model": "auth.permission", "pk": 6, "fields": {"name": "Can change permission", "content_type": 2, "codename": "change_permission"}}, {"model": "auth.permission", "pk": 7, "fields": {"name": "Can delete permission", "content_type": 2, "codename": "delete_permission"}}, {"model": "auth.permission", "pk": 8, "fields": {"name": "Can view permission", "content_type": 2, "codename": "view_permission"}}, {"model": "auth.permission", "pk": 9, "fields": {"name": "Can add group", "content_type": 3, "codename": "add_group"}}, {"model": "auth.permission", "pk": 10, "fields": {"name": "Can change group", "content_type": 3, "codename": "change_group"}}, {"model": "auth.permission", "pk": 11, "fields": {"name": "Can delete group", "content_type": 3, "codename": "delete_group"}}, {"model": "auth.permission", "pk": 12, "fields": {"name": "Can view group", "content_type": 3, "codename": "view_group"}}, {"model": "auth.permission", "pk": 13, "fields": {"name": "Can add user", "content_type": 4, "codename": "add_user"}}, {"model": "auth.permission", "pk": 14, "fields": {"name": "Can change user", "content_type": 4, "codename": "change_user"}}, {"model": "auth.permission", "pk": 15, "fields": {"name": "Can delete user", "content_type": 4, "codename": "delete_user"}}, {"model": "auth.permission", "pk": 16, "fields": {"name": "Can view user", "content_type": 4, "codename": "view_user"}}, {"model": "auth.permission", "pk": 17, "fields": {"name": "Can add content type", "content_type": 5, "codename": "add_contenttype"}}, {"model": "auth.permission", "pk": 18, "fields": {"name": "Can change content type", "content_type": 5, "codename": "change_contenttype"}}, {"model": "auth.permission", "pk": 19, "fields": {"name": "Can delete content type", "content_type": 5, "codename": "delete_contenttype"}}, {"model": "auth.permission", "pk": 20, "fields": {"name": "Can view content type", "content_type": 5, "codename": "view_contenttype"}}, {"model": "auth.permission", "pk": 21, "fields": {"name": "Can add session", "content_type": 6, "codename": "add_session"}}, {"model": "auth.permission", "pk": 22, "fields": {"name": "Can change session", "content_type": 6, "codename": "change_session"}}, {"model": "auth.permission", "pk": 23, "fields": {"name": "Can delete session", "content_type": 6, "codename": "delete_session"}}, {"model": "auth.permission", "pk": 24, "fields": {"name": "Can view session", "content_type": 6, "codename": "view_session"}}, {"model": "auth.permission", "pk": 25, "fields": {"name": "Can add vs users", "content_type": 7, "codename": "add_vsusers"}}, {"model": "auth.permission", "pk": 26, "fields": {"name": "Can change vs users", "content_type": 7, "codename": "change_vsusers"}}, {"model": "auth.permission", "pk": 27, "fields": {"name": "Can delete vs users", "content_type": 7, "codename": "delete_vsusers"}}, {"model": "auth.permission", "pk": 28, "fields": {"name": "Can view vs users", "content_type": 7, "codename": "view_vsusers"}}, {"model": "auth.permission", "pk": 29, "fields": {"name": "Can add vs category", "content_type": 8, "codename": "add_vscategory"}}, {"model": "auth.permission", "pk": 30, "fields": {"name": "Can change vs category", "content_type": 8, "codename": "change_vscategory"}}, {"model": "auth.permission", "pk": 31, "fields": {"name": "Can delete vs category", "content_type": 8, "codename": "delete_vscategory"}}, {"model": "auth.permission", "pk": 32, "fields": {"name": "Can view vs category", "content_type": 8, "codename": "view_vscategory"}}, {"model": "auth.permission", "pk": 33, "fields": {"name": "Can add vs sub categoryes", "content_type": 9, "codename": "add_vssubcategoryes"}}, {"model": "auth.permission", "pk": 34, "fields": {"name": "Can change vs sub categoryes", "content_type": 9, "codename": "change_vssubcategoryes"}}, {"model": "auth.permission", "pk": 35, "fields": {"name": "Can delete vs sub categoryes", "content_type": 9, "codename": "delete_vssubcategoryes"}}, {"model": "auth.permission", "pk": 36, "fields": {"name": "Can view vs sub categoryes", "content_type": 9, "codename": "view_vssubcategoryes"}}, {"model": "auth.permission", "pk": 37, "fields": {"name": "Can add vs reating attribute", "content_type": 10, "codename": "add_vsreatingattribute"}}, {"model": "auth.permission", "pk": 38, "fields": {"name": "Can change vs reating attribute", "content_type": 10, "codename": "change_vsreatingattribute"}}, {"model": "auth.permission", "pk": 39, "fields": {"name": "Can delete vs reating attribute", "content_type": 10, "codename": "delete_vsreatingattribute"}}, {"model": "auth.permission", "pk": 40, "fields": {"name": "Can view vs reating attribute", "content_type": 10, "codename": "view_vsreatingattribute"}}, {"model": "auth.permission", "pk": 41, "fields": {"name": "Can add vs connect reating with cate", "content_type": 11, "codename": "add_vsconnectreatingwithcate"}}, {"model": "auth.permission", "pk": 42, "fields": {"name": "Can change vs connect reating with cate", "content_type": 11, "codename": "change_vsconnectreatingwithcate"}}, {"model": "auth.permission", "pk": 43, "fields": {"name": "Can delete vs connect reating with cate", "content_type": 11, "codename": "delete_vsconnectreatingwithcate"}}, {"model": "auth.permission", "pk": 44, "fields": {"name": "Can view vs connect reating with cate", "content_type": 11, "codename": "view_vsconnectreatingwithcate"}}, {"model": "auth.permission", "pk": 45, "fields": {"name": "Can add attachment", "content_type": 12, "codename": "add_attachment"}}, {"model": "auth.permission", "pk": 46, "fields": {"name": "Can change attachment", "content_type": 12, "codename": "change_attachment"}}, {"model": "auth.permission", "pk": 47, "fields": {"name": "Can delete attachment", "content_type": 12, "codename": "delete_attachment"}}, {"model": "auth.permission", "pk": 48, "fields": {"name": "Can view attachment", "content_type": 12, "codename": "view_attachment"}}, {"model": "auth.permission", "pk": 49, "fields": {"name": "Can add vs videos", "content_type": 13, "codename": "add_vsvideos"}}, {"model": "auth.permission", "pk": 50, "fields": {"name": "Can change vs videos", "content_type": 13, "codename": "change_vsvideos"}}, {"model": "auth.permission", "pk": 51, "fields": {"name": "Can delete vs videos", "content_type": 13, "codename": "delete_vsvideos"}}, {"model": "auth.permission", "pk": 52, "fields": {"name": "Can view vs videos", "content_type": 13, "codename": "view_vsvideos"}}, {"model": "auth.permission", "pk": 53, "fields": {"name": "Can add vs reating", "content_type": 14, "codename": "add_vsreating"}}, {"model": "auth.permission", "pk": 54, "fields": {"name": "Can change vs reating", "content_type": 14, "codename": "change_vsreating"}}, {"model": "auth.permission", "pk": 55, "fields": {"name": "Can delete vs reating", "content_type": 14, "codename": "delete_vsreating"}}, {"model": "auth.permission", "pk": 56, "fields": {"name": "Can view vs reating", "content_type": 14, "codename": "view_vsreating"}}, {"model": "auth.permission", "pk": 57, "fields": {"name": "Can add vs comments", "content_type": 15, "codename": "add_vscomments"}}, {"model": "auth.permission", "pk": 58, "fields": {"name": "Can change vs comments", "content_type": 15, "codename": "change_vscomments"}}, {"model": "auth.permission", "pk": 59, "fields": {"name": "Can delete vs comments", "content_type": 15, "codename": "delete_vscomments"}}, {"model": "auth.permission", "pk": 60, "fields": {"name": "Can view vs comments", "content_type": 15, "codename": "view_vscomments"}}, {"model": "auth.permission", "pk": 61, "fields": {"name": "Can add vs system settings", "content_type": 16, "codename": "add_vssystemsettings"}}, {"model": "auth.permission", "pk": 62, "fields": {"name": "Can change vs system settings", "content_type": 16, "codename": "change_vssystemsettings"}}, {"model": "auth.permission", "pk": 63, "fields": {"name": "Can delete vs system settings", "content_type": 16, "codename": "delete_vssystemsettings"}}, {"model": "auth.permission", "pk": 64, "fields": {"name": "Can view vs system settings", "content_type": 16, "codename": "view_vssystemsettings"}}, {"model": "auth.permission", "pk": 65, "fields": {"name": "Can add vs favourite", "content_type": 17, "codename": "add_vsfavourite"}}, {"model": "auth.permission", "pk": 66, "fields": {"name": "Can change vs favourite", "content_type": 17, "codename": "change_vsfavourite"}}, {"model": "auth.permission", "pk": 67, "fields": {"name": "Can delete vs favourite", "content_type": 17, "codename": "delete_vsfavourite"}}, {"model": "auth.permission", "pk": 68, "fields": {"name": "Can view vs favourite", "content_type": 17, "codename": "view_vsfavourite"}}, {"model": "auth.permission", "pk": 69, "fields": {"name": "Can add vs rating", "content_type": 14, "codename": "add_vsrating"}}, {"model": "auth.permission", "pk": 70, "fields": {"name": "Can change vs rating", "content_type": 14, "codename": "change_vsrating"}}, {"model": "auth.permission", "pk": 71, "fields": {"name": "Can delete vs rating", "content_type": 14, "codename": "delete_vsrating"}}, {"model": "auth.permission", "pk": 72, "fields": {"name": "Can view vs rating", "content_type": 14, "codename": "view_vsrating"}}, {"model": "auth.permission", "pk": 73, "fields": {"name": "Can add vs cms page", "content_type": 18, "codename": "add_vscmspage"}}, {"model": "auth.permission", "pk": 74, "fields": {"name": "Can change vs cms page", "content_type": 18, "codename": "change_vscmspage"}}, {"model": "auth.permission", "pk": 75, "fields": {"name": "Can delete vs cms page", "content_type": 18, "codename": "delete_vscmspage"}}, {"model": "auth.permission", "pk": 76, "fields": {"name": "Can view vs cms page", "content_type": 18, "codename": "view_vscmspage"}}, {"model": "auth.permission", "pk": 77, "fields": {"name": "Can add vs home page settings", "content_type": 19, "codename": "add_vshomepagesettings"}}, {"model": "auth.permission", "pk": 78, "fields": {"name": "Can change vs home page settings", "content_type": 19, "codename": "change_vshomepagesettings"}}, {"model": "auth.permission", "pk": 79, "fields": {"name": "Can delete vs home page settings", "content_type": 19, "codename": "delete_vshomepagesettings"}}, {"model": "auth.permission", "pk": 80, "fields": {"name": "Can view vs home page settings", "content_type": 19, "codename": "view_vshomepagesettings"}}, {"model": "auth.permission", "pk": 81, "fields": {"name": "Can add vs non register user", "content_type": 20, "codename": "add_vsnonregisteruser"}}, {"model": "auth.permission", "pk": 82, "fields": {"name": "Can change vs non register user", "content_type": 20, "codename": "change_vsnonregisteruser"}}, {"model": "auth.permission", "pk": 83, "fields": {"name": "Can delete vs non register user", "content_type": 20, "codename": "delete_vsnonregisteruser"}}, {"model": "auth.permission", "pk": 84, "fields": {"name": "Can view vs non register user", "content_type": 20, "codename": "view_vsnonregisteruser"}}, {"model": "auth.permission", "pk": 85, "fields": {"name": "Can add vs send email for new video", "content_type": 21, "codename": "add_vssendemailfornewvideo"}}, {"model": "auth.permission", "pk": 86, "fields": {"name": "Can change vs send email for new video", "content_type": 21, "codename": "change_vssendemailfornewvideo"}}, {"model": "auth.permission", "pk": 87, "fields": {"name": "Can delete vs send email for new video", "content_type": 21, "codename": "delete_vssendemailfornewvideo"}}, {"model": "auth.permission", "pk": 88, "fields": {"name": "Can view vs send email for new video", "content_type": 21, "codename": "view_vssendemailfornewvideo"}}, {"model": "auth.permission", "pk": 89, "fields": {"name": "Can add vs user subscription payment", "content_type": 22, "codename": "add_vsusersubscriptionpayment"}}, {"model": "auth.permission", "pk": 90, "fields": {"name": "Can change vs user subscription payment", "content_type": 22, "codename": "change_vsusersubscriptionpayment"}}, {"model": "auth.permission", "pk": 91, "fields": {"name": "Can delete vs user subscription payment", "content_type": 22, "codename": "delete_vsusersubscriptionpayment"}}, {"model": "auth.permission", "pk": 92, "fields": {"name": "Can view vs user subscription payment", "content_type": 22, "codename": "view_vsusersubscriptionpayment"}}, {"model": "auth.permission", "pk": 93, "fields": {"name": "Can add vs subscription", "content_type": 23, "codename": "add_vssubscription"}}, {"model": "auth.permission", "pk": 94, "fields": {"name": "Can change vs subscription", "content_type": 23, "codename": "change_vssubscription"}}, {"model": "auth.permission", "pk": 95, "fields": {"name": "Can delete vs subscription", "content_type": 23, "codename": "delete_vssubscription"}}, {"model": "auth.permission", "pk": 96, "fields": {"name": "Can view vs subscription", "content_type": 23, "codename": "view_vssubscription"}}, {"model": "auth.permission", "pk": 97, "fields": {"name": "Can add vs pay pal", "content_type": 24, "codename": "add_vspaypal"}}, {"model": "auth.permission", "pk": 98, "fields": {"name": "Can change vs pay pal", "content_type": 24, "codename": "change_vspaypal"}}, {"model": "auth.permission", "pk": 99, "fields": {"name": "Can delete vs pay pal", "content_type": 24, "codename": "delete_vspaypal"}}, {"model": "auth.permission", "pk": 100, "fields": {"name": "Can view vs pay pal", "content_type": 24, "codename": "view_vspaypal"}}, {"model": "auth.user", "pk": 1, "fields": {"password": "pbkdf2_sha256$180000$36JZZXZu61MM$RaIIl61fkRot6xsm1Dy0synBs328jCwi/mBP8IZ4j2Q=", "last_login": "2020-08-06T10:11:19.362Z", "is_superuser": true, "username": "videos", "first_name": "", "last_name": "", "email": "video@gmail.com", "is_staff": true, "is_active": true, "date_joined": "2020-05-20T14:13:42.368Z", "groups": [], "user_permissions": []}}, {"model": "auth.user", "pk": 3, "fields": {"password": "pbkdf2_sha256$180000$8xrrMwceR0rR$q2DAZ69iyqBY8NgAvWJaC/MZnxHNi14IVUI12LPWomw=", "last_login": "2020-06-06T15:14:21.386Z", "is_superuser": false, "username": "deepakpatel052", "first_name": "", "last_name": "", "email": "deepakpatel@digimonk.in", "is_staff": false, "is_active": true, "date_joined": "2020-05-20T14:41:13.282Z", "groups": [], "user_permissions": []}}, {"model": "auth.user", "pk": 4, "fields": {"password": "pbkdf2_sha256$180000$EpuaJ61CLyRF$6LPr+yt/AB1lrUwcjwrTviA3XhzspNlleAkupTU7dAs=", "last_login": "2020-06-02T16:28:57Z", "is_superuser": false, "username": "deepaksinghpatel", "first_name": "", "last_name": "", "email": "deepaksinghpatel052@gmail.com", "is_staff": false, "is_active": true, "date_joined": "2020-05-22T12:03:06Z", "groups": [], "user_permissions": []}}, {"model": "auth.user", "pk": 6, "fields": {"password": "pbkdf2_sha256$180000$DXGYovocOOe8$rbyaP0xz4mDIOrrFTmxhwhDNc99m59mewcch1U6NUlI=", "last_login": "2020-06-18T17:52:46.113Z", "is_superuser": false, "username": "mohitchack255", "first_name": "", "last_name": "", "email": "mohit.chack@digimonk.in", "is_staff": false, "is_active": true, "date_joined": "2020-05-27T14:43:55.774Z", "groups": [], "user_permissions": []}}, {"model": "auth.user", "pk": 7, "fields": {"password": "pbkdf2_sha256$180000$HZnn6Ftnsy31$coSGbWJLX7yvfuA0qmumPIqf3h1hYUiU3PwEUvT5ty8=", "last_login": "2020-07-27T10:09:49.284Z", "is_superuser": false, "username": "jitendra", "first_name": "", "last_name": "", "email": "jitendra.n@digimonk.in", "is_staff": false, "is_active": true, "date_joined": "2020-05-27T15:41:11.787Z", "groups": [], "user_permissions": []}}, {"model": "auth.user", "pk": 8, "fields": {"password": "pbkdf2_sha256$180000$8ZeJDjTvOTdg$RjsZerNLczPlBCQbgOlkE8asO9JIAIEw4scbqAm4ZXY=", "last_login": "2020-06-24T05:49:26.701Z", "is_superuser": false, "username": "jitu", "first_name": "", "last_name": "", "email": "jitulodhi2010@gmail.com", "is_staff": false, "is_active": true, "date_joined": "2020-05-28T08:13:35.860Z", "groups": [], "user_permissions": []}}, {"model": "auth.user", "pk": 9, "fields": {"password": "pbkdf2_sha256$180000$rQG5nTUYCqci$xpElK/4G+3cGQGQym0CA0jm7GbifWEZARspdPExlxmA=", "last_login": "2020-06-13T09:33:40.236Z", "is_superuser": false, "username": "support", "first_name": "", "last_name": "", "email": "suraj.rathore@digimonk.in", "is_staff": false, "is_active": true, "date_joined": "2020-05-31T10:57:27Z", "groups": [], "user_permissions": []}}, {"model": "auth.user", "pk": 10, "fields": {"password": "pbkdf2_sha256$180000$N3XoP7hcnvOz$rT/eMNUz2aHs4JX4MvfSkTJlnI48Tm8lueYrOmzBeWA=", "last_login": "2020-06-17T15:02:14.025Z", "is_superuser": false, "username": "mohitchack025", "first_name": "", "last_name": "", "email": "notageeks@gmail.com", "is_staff": false, "is_active": true, "date_joined": "2020-06-01T11:43:11.258Z", "groups": [], "user_permissions": []}}, {"model": "auth.user", "pk": 11, "fields": {"password": "pbkdf2_sha256$180000$ifNoD7RyW9s6$2dm6cygZkjhj3BHGJxnAkn7IFoo6klKQ+LgCw0/t9tM=", "last_login": null, "is_superuser": false, "username": "rohit", "first_name": "", "last_name": "", "email": "ROHIT.ARORA@digimonk.in", "is_staff": false, "is_active": false, "date_joined": "2020-06-01T13:17:01.684Z", "groups": [], "user_permissions": []}}, {"model": "auth.user", "pk": 12, "fields": {"password": "pbkdf2_sha256$180000$0xgRrKBp1SxX$Pn2reb6WAT4E+LYnAEXtypSJtL5Ws+y/uyc3MLDyaz4=", "last_login": null, "is_superuser": false, "username": "Kumar", "first_name": "", "last_name": "", "email": "rajat@digimonk.in", "is_staff": false, "is_active": false, "date_joined": "2020-06-04T06:38:45.915Z", "groups": [], "user_permissions": []}}, {"model": "auth.user", "pk": 13, "fields": {"password": "pbkdf2_sha256$180000$erUqHmZDuxbK$mGGuYYjnxrwTCwy4d56dLQUt3Qc+vmo0856go3GZNt4=", "last_login": null, "is_superuser": false, "username": "kumar", "first_name": "", "last_name": "", "email": "rajatbais.rb75@gmail.com", "is_staff": false, "is_active": true, "date_joined": "2020-06-04T08:59:32.394Z", "groups": [], "user_permissions": []}}, {"model": "auth.user", "pk": 14, "fields": {"password": "pbkdf2_sha256$180000$Rw6wLh85YZCI$q7xXrBg+j4t0bgp0is9fKPOBBuTWfOtTqVj+n38LLR8=", "last_login": "2020-06-24T14:35:17.509Z", "is_superuser": false, "username": "apsr1987", "first_name": "", "last_name": "", "email": "Akshay@digimonk.in", "is_staff": false, "is_active": true, "date_joined": "2020-06-04T18:06:22.863Z", "groups": [], "user_permissions": []}}, {"model": "auth.user", "pk": 15, "fields": {"password": "pbkdf2_sha256$180000$24do7RDsTlQn$PEC30IHOXDIHSFrYOsoQ6Fci1ASmA2suqF8BS0KIcZE=", "last_login": "2020-06-24T14:34:50.450Z", "is_superuser": false, "username": "apsr1988", "first_name": "", "last_name": "", "email": "gauravj@digimonk.in", "is_staff": false, "is_active": true, "date_joined": "2020-06-04T18:40:46.682Z", "groups": [], "user_permissions": []}}, {"model": "auth.user", "pk": 16, "fields": {"password": "pbkdf2_sha256$180000$v2af9M6Cg85o$DWpOjfYAj6ioPns9URSm/JpBgy5jTC7a/CDUmuSpKF8=", "last_login": null, "is_superuser": false, "username": "mohitchack025sadfsdfsd", "first_name": "", "last_name": "", "email": "pawan.sharma@digimonk.inde", "is_staff": false, "is_active": true, "date_joined": "2020-06-11T21:15:57.392Z", "groups": [], "user_permissions": []}}, {"model": "auth.user", "pk": 17, "fields": {"password": "pbkdf2_sha256$180000$iMxjqzWY6LX3$jqhGzLNO2e2oHDp/HduFDQEDzn6waflTE0I9LR0q40c=", "last_login": "2020-06-16T15:21:07.443Z", "is_superuser": false, "username": "ajay1987", "first_name": "", "last_name": "", "email": "akshay.weblink@gmail.com", "is_staff": false, "is_active": true, "date_joined": "2020-06-12T19:18:41.130Z", "groups": [], "user_permissions": []}}, {"model": "auth.user", "pk": 18, "fields": {"password": "pbkdf2_sha256$180000$EjP9FCQeiFLd$hiSoqCm5o/XPczrePVZ+hmFf29BPkQyMY7gN/5i43hU=", "last_login": "2020-06-23T07:24:50.179Z", "is_superuser": false, "username": "aditya1987", "first_name": "", "last_name": "", "email": "desidavaidotcom@gmail.com", "is_staff": false, "is_active": true, "date_joined": "2020-06-12T19:45:41.420Z", "groups": [], "user_permissions": []}}, {"model": "auth.user", "pk": 19, "fields": {"password": "pbkdf2_sha256$180000$BF7E9pVIR8PO$JCVmlGC9BzS6cwqYRKsYOXOc2qx3zPWHaaWHx/YcLPc=", "last_login": null, "is_superuser": false, "username": "mohitchack0255", "first_name": "", "last_name": "", "email": "deepaksinghpatel052@gmail.com", "is_staff": false, "is_active": false, "date_joined": "2020-06-13T19:43:02.005Z", "groups": [], "user_permissions": []}}, {"model": "auth.user", "pk": 20, "fields": {"password": "pbkdf2_sha256$180000$Jc7Jiq1hX76P$3BGKDPBNXutBE97WORI5WxlmON6ku0sYW+cJ/BqS6xk=", "last_login": null, "is_superuser": false, "username": "jatinear", "first_name": "", "last_name": "", "email": "jatinear@hybridvisiontechnologies.com", "is_staff": false, "is_active": true, "date_joined": "2020-06-13T20:49:27.021Z", "groups": [], "user_permissions": []}}, {"model": "auth.user", "pk": 21, "fields": {"password": "pbkdf2_sha256$180000$DTNLPm1GptiO$OBB2JvrEbe+OP/vDuI8EEEnX9y4901CP2IlNizAqCC0=", "last_login": "2020-06-16T02:10:03.140Z", "is_superuser": false, "username": "Jatinear", "first_name": "", "last_name": "", "email": "jatinear@hybridvisiontechnologies.com", "is_staff": false, "is_active": true, "date_joined": "2020-06-14T18:30:45.518Z", "groups": [], "user_permissions": []}}, {"model": "auth.user", "pk": 22, "fields": {"password": "pbkdf2_sha256$180000$xXOjwiXIXvWk$h0HdaP1G0QN/LZIdC7M/j8+jOLdjTKbyy3lcp27LNwg=", "last_login": "2020-06-19T02:08:13.022Z", "is_superuser": false, "username": "Jatinear_V", "first_name": "", "last_name": "", "email": "jatinear@hybridvisiontechnologies.com", "is_staff": false, "is_active": true, "date_joined": "2020-06-14T19:16:38.735Z", "groups": [], "user_permissions": []}}, {"model": "auth.user", "pk": 27, "fields": {"password": "pbkdf2_sha256$180000$kBWmnNLP4rZ8$Mwfx4ZNzs5+SoCFpohKgUiAUnNpXCUOC6BwDkagZWf0=", "last_login": "2020-06-17T13:30:53.739Z", "is_superuser": false, "username": "mohitchack2555", "first_name": "", "last_name": "", "email": "deepaksinghpatel052@gmail.com", "is_staff": false, "is_active": true, "date_joined": "2020-06-15T21:13:40.272Z", "groups": [], "user_permissions": []}}, {"model": "auth.user", "pk": 28, "fields": {"password": "pbkdf2_sha256$180000$Y8xiSOZyzlmn$CJsdoXyTvQ7FvyV6I9lIpu/t4lDRgdruph3nKQpPLPk=", "last_login": null, "is_superuser": false, "username": "jitendra_j", "first_name": "", "last_name": "", "email": "deepaksinghpatel052@gmail.com", "is_staff": false, "is_active": false, "date_joined": "2020-06-17T15:00:55.350Z", "groups": [], "user_permissions": []}}, {"model": "auth.user", "pk": 29, "fields": {"password": "pbkdf2_sha256$180000$LXgtSF7ckwRR$jx++S5K/Xg28TWLcgPyw1Qzo/DY+odVPdcjX6OMXcg0=", "last_login": null, "is_superuser": false, "username": "Jatinear_V2", "first_name": "", "last_name": "", "email": "jatinear@hybridvisiontechnologies.com", "is_staff": false, "is_active": false, "date_joined": "2020-06-18T02:33:15.534Z", "groups": [], "user_permissions": []}}, {"model": "auth.user", "pk": 30, "fields": {"password": "pbkdf2_sha256$180000$6TliQznq8Jrc$L9n8xiaTm9wlOBmmH21mDxpBGaLV34a3oLwNecSOp58=", "last_login": null, "is_superuser": false, "username": "jitendraa", "first_name": "", "last_name": "", "email": "deepaksinghpatel052@gmail.com", "is_staff": false, "is_active": false, "date_joined": "2020-06-18T11:10:42.133Z", "groups": [], "user_permissions": []}}, {"model": "auth.user", "pk": 31, "fields": {"password": "pbkdf2_sha256$180000$LRZvoqYOBsQM$LPn5oi7U8FzE8Glb52sK+bmuSUHT8eQshNPhtIpWS9w=", "last_login": null, "is_superuser": false, "username": "jitendraw", "first_name": "", "last_name": "", "email": "deepaksinghpatel052@gmail.com", "is_staff": false, "is_active": false, "date_joined": "2020-06-18T11:30:25.249Z", "groups": [], "user_permissions": []}}, {"model": "auth.user", "pk": 32, "fields": {"password": "pbkdf2_sha256$180000$OvIl4eLQ5JL0$bt2f7aI4aHWqNS2DtfiqjLDZVqf4haChGp2cZuU1w4g=", "last_login": "2020-06-18T12:58:54.374Z", "is_superuser": false, "username": "jitendraaa", "first_name": "", "last_name": "", "email": "deepaksinghpatel052@gmail.com", "is_staff": false, "is_active": true, "date_joined": "2020-06-18T12:29:02.433Z", "groups": [], "user_permissions": []}}, {"model": "auth.user", "pk": 33, "fields": {"password": "pbkdf2_sha256$180000$QCTs0YE3BEuc$Pp/j81iPOzXbFrWA9Lba+4ddOC0+hRJx7u03qMbDM/4=", "last_login": "2020-06-18T15:57:57.711Z", "is_superuser": false, "username": "apsr1989", "first_name": "", "last_name": "", "email": "akshay.weblink@gmail.com", "is_staff": false, "is_active": true, "date_joined": "2020-06-18T15:56:35.949Z", "groups": [], "user_permissions": []}}, {"model": "auth.user", "pk": 34, "fields": {"password": "pbkdf2_sha256$180000$WD514MZRsUji$chxOFnPkQsVT4trYPP4O0nVCmyQbOaFcv7qceD99Rio=", "last_login": "2020-06-19T02:19:03.356Z", "is_superuser": false, "username": "Jatinear_V3", "first_name": "", "last_name": "", "email": "jatinear@hybridvisiontechnologies.com", "is_staff": false, "is_active": true, "date_joined": "2020-06-19T00:22:12.016Z", "groups": [], "user_permissions": []}}, {"model": "auth.user", "pk": 35, "fields": {"password": "pbkdf2_sha256$180000$LjGV8UxKqqky$LXXKZWQr1Jsw04RAxHrrv7/jsWvfsCiXxA8ljwIimB0=", "last_login": "2020-06-22T21:49:55.824Z", "is_superuser": false, "username": "Jatinear_V4", "first_name": "", "last_name": "", "email": "jatinear@hybridvisiontechnologies.com", "is_staff": false, "is_active": true, "date_joined": "2020-06-19T00:38:56.114Z", "groups": [], "user_permissions": []}}, {"model": "auth.user", "pk": 36, "fields": {"password": "pbkdf2_sha256$180000$1nziGP8ehwnf$qSD2ja5W4BNzsseYnlfKSwZbxBAkk6GPG3nKDcpQ8+A=", "last_login": "2020-06-19T00:43:46.010Z", "is_superuser": false, "username": "Jatinear_V5", "first_name": "", "last_name": "", "email": "jatinear@hybridvisiontechnologies.com", "is_staff": false, "is_active": true, "date_joined": "2020-06-19T00:43:02.660Z", "groups": [], "user_permissions": []}}, {"model": "auth.user", "pk": 37, "fields": {"password": "pbkdf2_sha256$180000$mnMFs7azZ8gs$M4Siw+2MYQRG7sL06e8bKvgRjeWRMWdyd1KN9mR8/ww=", "last_login": "2020-06-19T02:23:05.491Z", "is_superuser": false, "username": "TestVoter", "first_name": "", "last_name": "", "email": "jatinear@hybridvisiontechnologies.com", "is_staff": false, "is_active": true, "date_joined": "2020-06-19T02:22:27.908Z", "groups": [], "user_permissions": []}}, {"model": "auth.user", "pk": 38, "fields": {"password": "pbkdf2_sha256$180000$sWAP4otxQfIF$bY9bSIumUU4Tpx5dHneMzTovx1IaplKvXqGyb+dcwoU=", "last_login": "2020-06-22T18:05:32.210Z", "is_superuser": false, "username": "Jatinear_V6", "first_name": "", "last_name": "", "email": "jatinear@hybridvisiontechnologies.com", "is_staff": false, "is_active": true, "date_joined": "2020-06-22T17:25:56.408Z", "groups": [], "user_permissions": []}}, {"model": "auth.user", "pk": 39, "fields": {"password": "pbkdf2_sha256$180000$MqPuyhKTbadA$H7RGgiCIsgsdyanNrqi8Mo2b1nlpHpVKnq8M5f9EpdA=", "last_login": null, "is_superuser": false, "username": "nidhi1987", "first_name": "", "last_name": "", "email": "desidavaidotcom@gmail.com", "is_staff": false, "is_active": false, "date_joined": "2020-06-24T14:37:20.584Z", "groups": [], "user_permissions": []}}, {"model": "auth.user", "pk": 40, "fields": {"password": "pbkdf2_sha256$180000$fyvRYriA9q7m$HgkAvyyQUl0KneUnxtxuxCH6+s2Fv3p2aOoqgyuHO78=", "last_login": null, "is_superuser": false, "username": "jitendraret", "first_name": "", "last_name": "", "email": "deepaksinghpatel052@gmail.com", "is_staff": false, "is_active": false, "date_joined": "2020-06-25T06:19:46.732Z", "groups": [], "user_permissions": []}}, {"model": "auth.user", "pk": 41, "fields": {"password": "pbkdf2_sha256$180000$OV8HVA4S4suc$oJR2OXoj70swIAcFJhRK23k6TN8giSzv4zn5Fu5od64=", "last_login": null, "is_superuser": false, "username": "nikki1987", "first_name": "", "last_name": "", "email": "akshay.weblink@gmail.com", "is_staff": false, "is_active": false, "date_joined": "2020-06-25T13:35:16.184Z", "groups": [], "user_permissions": []}}, {"model": "auth.user", "pk": 42, "fields": {"password": "pbkdf2_sha256$180000$aiyrlf5xYqCv$uuy/K3prK6rkzuRuoJ74EcVAVJ2BFHw3kL4Qug887eY=", "last_login": null, "is_superuser": false, "username": "apsr1990", "first_name": "", "last_name": "", "email": "gauravjain.enterprises@gmail.com", "is_staff": false, "is_active": false, "date_joined": "2020-06-25T18:42:52.340Z", "groups": [], "user_permissions": []}}, {"model": "auth.user", "pk": 43, "fields": {"password": "pbkdf2_sha256$180000$gYogi00Gjj1M$B/IeqP600FKmXDmSKM6h4C8EKj8+e0uNPytZhXDJOm8=", "last_login": "2020-07-08T19:09:03.801Z", "is_superuser": false, "username": "JGAdmin", "first_name": "", "last_name": "", "email": "jatinear@hybridvisiontechnologies.com", "is_staff": false, "is_active": true, "date_joined": "2020-07-08T19:07:59.548Z", "groups": [], "user_permissions": []}}, {"model": "auth.user", "pk": 50, "fields": {"password": "pbkdf2_sha256$180000$bN1jPpfYplbI$npgNDljqLejn33cdg0QRW1/X5Pp9JowLUriNPM4Gox8=", "last_login": null, "is_superuser": false, "username": "notageeka", "first_name": "", "last_name": "", "email": "deepaksinghpatel052@gmail.com", "is_staff": false, "is_active": false, "date_joined": "2020-07-21T11:01:47.431Z", "groups": [], "user_permissions": []}}, {"model": "auth.user", "pk": 51, "fields": {"password": "pbkdf2_sha256$180000$V7tSQXCkBCMT$IQRb75hYBNt8VToNyVloo4coyOiUSStCPnbFI80mrmU=", "last_login": "2020-07-21T11:03:31.421Z", "is_superuser": false, "username": "notageeks_set", "first_name": "", "last_name": "", "email": "deepaksinghpatel052@gmail.com", "is_staff": false, "is_active": true, "date_joined": "2020-07-21T11:03:12.176Z", "groups": [], "user_permissions": []}}, {"model": "auth.user", "pk": 52, "fields": {"password": "pbkdf2_sha256$180000$uHNlVBl7JDzU$A2aqoYbg6AC/8MbKD0Xo6SxBL428BrLUKwrepzGX9cs=", "last_login": "2020-07-23T18:31:50.344Z", "is_superuser": false, "username": "desi", "first_name": "", "last_name": "", "email": "desidavaidotcom@gmail.com", "is_staff": false, "is_active": true, "date_joined": "2020-07-23T18:23:00.948Z", "groups": [], "user_permissions": []}}, {"model": "auth.user", "pk": 53, "fields": {"password": "pbkdf2_sha256$180000$UwSDWNrvE2FO$Zvug4iRovQya/bZybnmXS0/lkBeQ0ElX3m3QDCLz4+g=", "last_login": "2020-07-27T10:19:17.132Z", "is_superuser": false, "username": "jitu10", "first_name": "", "last_name": "", "email": "jitendra.n@digimonk.in", "is_staff": false, "is_active": true, "date_joined": "2020-07-27T10:14:18Z", "groups": [], "user_permissions": []}}, {"model": "auth.user", "pk": 54, "fields": {"password": "pbkdf2_sha256$180000$MhMvatXgSq4k$vyOEXvHFBUFmezxVBucCWbNsN1ADKR7PkkMf/21jBdE=", "last_login": "2020-07-28T06:45:34.944Z", "is_superuser": false, "username": "apsr1999", "first_name": "", "last_name": "", "email": "akshay@digimonk.in", "is_staff": false, "is_active": true, "date_joined": "2020-07-28T06:44:56.598Z", "groups": [], "user_permissions": []}}, {"model": "auth.user", "pk": 55, "fields": {"password": "pbkdf2_sha256$180000$jLU6pL3tjRq9$wtZwB/+x3jZzj9ZHPmNNryr/HoAXZfktHvAivtAJ0u8=", "last_login": "2020-07-30T14:16:02.861Z", "is_superuser": false, "username": "rkmimics", "first_name": "", "last_name": "", "email": "rajatbais.rb75@gmail.com", "is_staff": false, "is_active": true, "date_joined": "2020-07-30T13:20:32.360Z", "groups": [], "user_permissions": []}}, {"model": "account.vsusers", "pk": 2, "fields": {"user": 3, "user_code": "UF1JW4DOR0", "name": "deepak singh patel", "Type": "Voter", "Image": "user_imsge/deepak_singh_patel/2020/5/22/22_5_2020_421907.png", "DOJ": "2020-05-20", "status": true, "Contact_no": 7999908258, "Zip_Code": 474004, "otp": "2433", "password": null}}, {"model": "account.vsusers", "pk": 3, "fields": {"user": 4, "user_code": "PHY652Q4XO", "name": "Deepak Patel", "Type": "Voter", "Image": "user_imsge/Deepak_Patel/2020/5/22/22_5_2020_461576.png", "DOJ": "2020-05-22", "status": true, "Contact_no": 7999908258, "Zip_Code": 474044, "otp": "2960", "password": null}}, {"model": "account.vsusers", "pk": 5, "fields": {"user": 6, "user_code": "B8EFETY7KF", "name": "Mohit Chack", "Type": "Voter", "Image": "user_imsge/Mohit_Chack/2020/5/27/27_5_2020_975025.png", "DOJ": "2020-05-27", "status": true, "Contact_no": 0, "Zip_Code": 474004, "otp": "2890", "password": null}}, {"model": "account.vsusers", "pk": 6, "fields": {"user": 7, "user_code": "NXPP7ABV1X", "name": "jitendra", "Type": "Performer", "Image": "user_imsge/jitendra/2020/6/3/3_6_2020_532792.png", "DOJ": "2020-05-27", "status": true, "Contact_no": 9617279518, "Zip_Code": 474004, "otp": "9816", "password": null}}, {"model": "account.vsusers", "pk": 7, "fields": {"user": 8, "user_code": "03KKTV5E52", "name": "jitu", "Type": "Voter", "Image": "user_imsge/jitu/2020/5/28/28_5_2020_41562.png", "DOJ": "2020-05-28", "status": true, "Contact_no": 8765479823, "Zip_Code": 474001, "otp": "5764", "password": null}}, {"model": "account.vsusers", "pk": 8, "fields": {"user": 9, "user_code": "5AT0GZPGNK", "name": "support", "Type": "Voter", "Image": "", "DOJ": "2020-05-31", "status": true, "Contact_no": 98079870, "Zip_Code": 474001, "otp": "5004", "password": null}}, {"model": "account.vsusers", "pk": 10, "fields": {"user": 11, "user_code": "HJU4EY4JHK", "name": "Rohit Arora", "Type": "Performer", "Image": "", "DOJ": "2020-06-01", "status": true, "Contact_no": 5686979798798, "Zip_Code": 474003, "otp": "5711", "password": null}}, {"model": "account.vsusers", "pk": 11, "fields": {"user": 10, "user_code": "764HCLRCBW", "name": "Not A Geeks", "Type": "Voter", "Image": "user_imsge/Not_A_Geeks/2020/6/11/11_6_2020_124448.png", "DOJ": "2020-06-02", "status": true, "Contact_no": 11212324432, "Zip_Code": 474004, "otp": "73385", "password": null}}, {"model": "account.vsusers", "pk": 15, "fields": {"user": 14, "user_code": "U61JVWDVD6", "name": "Akshay Singh", "Type": "Performer", "Image": "user_imsge/Akshay_Singh/2020/6/4/4_6_2020_753988.png", "DOJ": "2020-06-04", "status": true, "Contact_no": 9910409865, "Zip_Code": 1212121, "otp": "1831", "password": null}}, {"model": "account.vsusers", "pk": 16, "fields": {"user": 15, "user_code": "19UFO5B6X6", "name": "Gaurav jain", "Type": "Voter", "Image": "", "DOJ": "2020-06-04", "status": true, "Contact_no": 9910409865, "Zip_Code": 10101, "otp": "0989", "password": null}}, {"model": "account.vsusers", "pk": 17, "fields": {"user": 16, "user_code": "5LIVDWD201", "name": "DSPatel", "Type": "Performer", "Image": "", "DOJ": "2020-06-11", "status": true, "Contact_no": 242343, "Zip_Code": 474001, "otp": "7951", "password": null}}, {"model": "account.vsusers", "pk": 18, "fields": {"user": 17, "user_code": "V9NOSI2T3Q", "name": "AJAY", "Type": "Performer", "Image": "", "DOJ": "2020-06-12", "status": true, "Contact_no": 9910409865, "Zip_Code": 10001, "otp": "1921", "password": null}}, {"model": "account.vsusers", "pk": 19, "fields": {"user": 18, "user_code": "JF1Z5CDBDO", "name": "Aditya", "Type": "Voter", "Image": "user_imsge/Aditya/2020/6/12/12_6_2020_645882.png", "DOJ": "2020-06-12", "status": true, "Contact_no": 1231234, "Zip_Code": 10001, "otp": "5866", "password": null}}, {"model": "account.vsusers", "pk": 20, "fields": {"user": 19, "user_code": "K8X11C4XLM", "name": "kamalkishor rajak", "Type": "Performer", "Image": "", "DOJ": "2020-06-13", "status": true, "Contact_no": 234214314, "Zip_Code": 474001, "otp": "6148", "password": null}}, {"model": "account.vsusers", "pk": 21, "fields": {"user": 20, "user_code": "CXQRK55GAH", "name": "Jatinear", "Type": "Performer", "Image": "", "DOJ": "2020-06-13", "status": true, "Contact_no": 2015554631, "Zip_Code": 36985, "otp": "2964", "password": null}}, {"model": "account.vsusers", "pk": 22, "fields": {"user": 21, "user_code": "VMMJGEKZP4", "name": "Jatiner", "Type": "Performer", "Image": "", "DOJ": "2020-06-14", "status": true, "Contact_no": 2015554631, "Zip_Code": 36985, "otp": "7150", "password": null}}, {"model": "account.vsusers", "pk": 23, "fields": {"user": 22, "user_code": "TE2P57YBJS", "name": "JG", "Type": "Voter", "Image": "", "DOJ": "2020-06-14", "status": true, "Contact_no": 2015554631, "Zip_Code": 36985, "otp": "4751", "password": null}}, {"model": "account.vsusers", "pk": 27, "fields": {"user": 27, "user_code": "4Q5OPC06UW", "name": "Deepak Patel", "Type": "Performer", "Image": "", "DOJ": "2020-06-15", "status": true, "Contact_no": null, "Zip_Code": 12323, "otp": "3738", "password": null}}, {"model": "account.vsusers", "pk": 28, "fields": {"user": 28, "user_code": "0MJ5L57W5J", "name": "Deepak Patel", "Type": "Performer", "Image": "", "DOJ": "2020-06-17", "status": true, "Contact_no": null, "Zip_Code": 11234, "otp": "7320", "password": null}}, {"model": "account.vsusers", "pk": 29, "fields": {"user": 29, "user_code": "WH8PLCWYD9", "name": "Jatinear", "Type": "Voter", "Image": "", "DOJ": "2020-06-18", "status": true, "Contact_no": null, "Zip_Code": 30004, "otp": "6557", "password": null}}, {"model": "account.vsusers", "pk": 30, "fields": {"user": 30, "user_code": "3Y2LU14IYP", "name": "Deepak Patel", "Type": "Performer", "Image": "", "DOJ": "2020-06-18", "status": true, "Contact_no": 123342, "Zip_Code": 23432423, "otp": "5866", "password": null}}, {"model": "account.vsusers", "pk": 31, "fields": {"user": 31, "user_code": "6MWQJ2OHGT", "name": "Deepak Patel", "Type": "Performer", "Image": "", "DOJ": "2020-06-18", "status": true, "Contact_no": 343, "Zip_Code": 2343, "otp": "6686", "password": null}}, {"model": "account.vsusers", "pk": 32, "fields": {"user": 32, "user_code": "B4K8HA1Z2A", "name": "Deepak Patel", "Type": "Performer", "Image": "", "DOJ": "2020-06-18", "status": true, "Contact_no": 124214312, "Zip_Code": 1234, "otp": "7105", "password": "123"}}, {"model": "account.vsusers", "pk": 33, "fields": {"user": 33, "user_code": "JDW8T6PCTO", "name": "Abhay Pratap", "Type": "Performer", "Image": "", "DOJ": "2020-06-18", "status": true, "Contact_no": 9910409865, "Zip_Code": 10015, "otp": "0754", "password": "aox189"}}, {"model": "account.vsusers", "pk": 34, "fields": {"user": 34, "user_code": "UI7UXB56TL", "name": "Jatinear", "Type": "Performer", "Image": "", "DOJ": "2020-06-19", "status": true, "Contact_no": null, "Zip_Code": 30004, "otp": "8919", "password": "bottlebars123"}}, {"model": "account.vsusers", "pk": 35, "fields": {"user": 35, "user_code": "NE5LBQOH7G", "name": "Jatinear", "Type": "Performer", "Image": "", "DOJ": "2020-06-19", "status": true, "Contact_no": null, "Zip_Code": 32546, "otp": "1710", "password": "bat"}}, {"model": "account.vsusers", "pk": 36, "fields": {"user": 36, "user_code": "UBZU49P36I", "name": "Jatinear", "Type": "Voter", "Image": "", "DOJ": "2020-06-19", "status": true, "Contact_no": null, "Zip_Code": 45698, "otp": "6777", "password": "bottlebars123"}}, {"model": "account.vsusers", "pk": 37, "fields": {"user": 37, "user_code": "YQJ5QWBK8A", "name": "JG", "Type": "Voter", "Image": "", "DOJ": "2020-06-19", "status": true, "Contact_no": null, "Zip_Code": 256413, "otp": "9820", "password": "bat"}}, {"model": "account.vsusers", "pk": 38, "fields": {"user": 38, "user_code": "ZP896QSF2T", "name": "Jatinear", "Type": "Voter", "Image": "", "DOJ": "2020-06-22", "status": true, "Contact_no": null, "Zip_Code": 256413, "otp": "2525", "password": "bat"}}, {"model": "account.vsusers", "pk": 39, "fields": {"user": 39, "user_code": "BK8C28DHWW", "name": "Nidhi Shinde", "Type": "Performer", "Image": "", "DOJ": "2020-06-24", "status": true, "Contact_no": 9910409865, "Zip_Code": 10101, "otp": "9212", "password": "aox189189189"}}, {"model": "account.vsusers", "pk": 40, "fields": {"user": 40, "user_code": "6OH5OFI0AI", "name": "Deepak Patel", "Type": "Performer", "Image": "", "DOJ": "2020-06-25", "status": true, "Contact_no": 22, "Zip_Code": 234243243, "otp": "6342", "password": "123"}}, {"model": "account.vsusers", "pk": 41, "fields": {"user": 41, "user_code": "RR1GY8Q70H", "name": "Nikki Singh", "Type": "Performer", "Image": "", "DOJ": "2020-06-25", "status": true, "Contact_no": 9910340576, "Zip_Code": 10001, "otp": "3103", "password": "aox189"}}, {"model": "account.vsusers", "pk": 42, "fields": {"user": 42, "user_code": "F8BZCQ78IU", "name": "Singhisking", "Type": "Performer", "Image": "", "DOJ": "2020-06-25", "status": true, "Contact_no": 9912345675, "Zip_Code": 10001, "otp": "8813", "password": "aox189"}}, {"model": "account.vsusers", "pk": 43, "fields": {"user": 43, "user_code": "E6QNFPA4OM", "name": "J", "Type": "Performer", "Image": "", "DOJ": "2020-07-08", "status": true, "Contact_no": null, "Zip_Code": 30004, "otp": "9336", "password": "pass"}}, {"model": "account.vsusers", "pk": 50, "fields": {"user": 50, "user_code": "KV1KYTF6LH", "name": "Deepak Patel", "Type": "Performer", "Image": "", "DOJ": "2020-07-21", "status": true, "Contact_no": 345235, "Zip_Code": 474001, "otp": "4810", "password": "123"}}, {"model": "account.vsusers", "pk": 51, "fields": {"user": 51, "user_code": "5PDBBD2FDS", "name": "Deepak Patel", "Type": "Performer", "Image": "", "DOJ": "2020-07-21", "status": true, "Contact_no": 8435144608, "Zip_Code": 474001, "otp": "1847", "password": "123"}}, {"model": "account.vsusers", "pk": 52, "fields": {"user": 52, "user_code": "WX99BPASX7", "name": "testedbyak", "Type": "Performer", "Image": "", "DOJ": "2020-07-23", "status": true, "Contact_no": 9910304091, "Zip_Code": 10001, "otp": "1056", "password": "aox189"}}, {"model": "account.vsusers", "pk": 53, "fields": {"user": 53, "user_code": "ADXLF8FY0X", "name": "jitu", "Type": "Performer", "Image": "", "DOJ": "2020-07-27", "status": true, "Contact_no": 9617279518, "Zip_Code": 474004, "otp": "7547", "password": "jitu@001"}}, {"model": "account.vsusers", "pk": 54, "fields": {"user": 54, "user_code": "GLZ5J5RTON", "name": "akshay", "Type": "Performer", "Image": "", "DOJ": "2020-07-28", "status": true, "Contact_no": 9910409865, "Zip_Code": 34234, "otp": "8010", "password": "aox189"}}, {"model": "account.vsusers", "pk": 55, "fields": {"user": 55, "user_code": "0980GB7M3Z", "name": "Rajat", "Type": "Performer", "Image": "", "DOJ": "2020-07-30", "status": true, "Contact_no": 9675668730, "Zip_Code": 205301, "otp": "4833", "password": "rajatkumar"}}, {"model": "categorys_and_reatings.vscategory", "pk": 1, "fields": {"Title": "Modeling", "Image": "", "Slug": "modeling", "Status": true, "Created_date": "2020-05-14T12:18:09Z", "Created_By": 1}}, {"model": "categorys_and_reatings.vscategory", "pk": 2, "fields": {"Title": "Comedy", "Image": "", "Slug": "comedy", "Status": true, "Created_date": "2020-05-14T12:21:27Z", "Created_By": 1}}, {"model": "categorys_and_reatings.vscategory", "pk": 3, "fields": {"Title": "Singing", "Image": "categoryes/Singing/2020/5/30/a-2.png", "Slug": "singing", "Status": true, "Created_date": "2020-05-14T12:22:00Z", "Created_By": 1}}, {"model": "categorys_and_reatings.vscategory", "pk": 4, "fields": {"Title": "Dancing", "Image": "", "Slug": "dancing", "Status": true, "Created_date": "2020-05-14T12:22:33Z", "Created_By": 1}}, {"model": "categorys_and_reatings.vscategory", "pk": 5, "fields": {"Title": "Spoken Word", "Image": "", "Slug": "spoken-word", "Status": true, "Created_date": "2020-05-14T12:22:52Z", "Created_By": 1}}, {"model": "categorys_and_reatings.vscategory", "pk": 6, "fields": {"Title": "Acting", "Image": "categoryes/Acting/2020/5/30/a-1.png", "Slug": "acting", "Status": true, "Created_date": "2020-05-14T12:23:09Z", "Created_By": 1}}, {"model": "categorys_and_reatings.vscategory", "pk": 7, "fields": {"Title": "Beauty", "Image": "", "Slug": "beauty", "Status": true, "Created_date": "2020-06-14T18:48:46Z", "Created_By": 21}}, {"model": "categorys_and_reatings.vssubcategoryes", "pk": 1, "fields": {"Category": 3, "Title": "Gospel", "Slug": "gospel", "Status": true, "Created_date": "2020-05-14T12:28:48Z", "Created_By": 1}}, {"model": "categorys_and_reatings.vssubcategoryes", "pk": 2, "fields": {"Category": 3, "Title": "Rampb", "Slug": "rampb", "Status": true, "Created_date": "2020-05-14T12:29:38Z", "Created_By": 1}}, {"model": "categorys_and_reatings.vssubcategoryes", "pk": 3, "fields": {"Category": 3, "Title": "Jazz", "Slug": "jazz", "Status": true, "Created_date": "2020-05-14T12:29:47Z", "Created_By": 1}}, {"model": "categorys_and_reatings.vssubcategoryes", "pk": 4, "fields": {"Category": 3, "Title": "Hip Hop", "Slug": "hip-hop", "Status": true, "Created_date": "2020-05-14T12:30:06Z", "Created_By": 1}}, {"model": "categorys_and_reatings.vssubcategoryes", "pk": 5, "fields": {"Category": 3, "Title": "Pop", "Slug": "pop", "Status": true, "Created_date": "2020-05-14T12:30:26Z", "Created_By": 1}}, {"model": "categorys_and_reatings.vssubcategoryes", "pk": 6, "fields": {"Category": 3, "Title": "Rock", "Slug": "rock", "Status": true, "Created_date": "2020-05-14T12:30:46Z", "Created_By": null}}, {"model": "categorys_and_reatings.vssubcategoryes", "pk": 7, "fields": {"Category": 3, "Title": "Rap", "Slug": "rap", "Status": true, "Created_date": "2020-05-14T12:30:58Z", "Created_By": 1}}, {"model": "categorys_and_reatings.vssubcategoryes", "pk": 8, "fields": {"Category": 3, "Title": "Country", "Slug": "country", "Status": true, "Created_date": "2020-05-14T12:31:15Z", "Created_By": null}}, {"model": "categorys_and_reatings.vssubcategoryes", "pk": 9, "fields": {"Category": 3, "Title": "Other", "Slug": "other", "Status": true, "Created_date": "2020-05-14T12:31:44Z", "Created_By": 1}}, {"model": "categorys_and_reatings.vssubcategoryes", "pk": 10, "fields": {"Category": 6, "Title": "Action", "Slug": "action", "Status": true, "Created_date": "2020-05-31T12:31:46Z", "Created_By": 7}}, {"model": "categorys_and_reatings.vssubcategoryes", "pk": 11, "fields": {"Category": 7, "Title": "Men Hair", "Slug": "men-hair", "Status": true, "Created_date": "2020-06-14T18:51:41Z", "Created_By": 21}}, {"model": "categorys_and_reatings.vssubcategoryes", "pk": 12, "fields": {"Category": 7, "Title": "Women Hair", "Slug": "women-hair", "Status": true, "Created_date": "2020-06-14T18:52:22Z", "Created_By": 21}}, {"model": "categorys_and_reatings.vssubcategoryes", "pk": 13, "fields": {"Category": 7, "Title": "Make Up", "Slug": "make-up", "Status": true, "Created_date": "2020-06-14T18:52:40Z", "Created_By": 21}}, {"model": "categorys_and_reatings.vsreatingattribute", "pk": 1, "fields": {"Title": "Body Control", "Slug": "body-control", "Status": true, "Description": "<p><a href=\"http://127.0.0.1:8000/admin/categorys_and_reatings/vsreatingattribute/24/change/\" style=\"color: rgb(68, 126, 155); font-family: Roboto, &quot;Lucida Grande&quot;, Verdana, Arial, sans-serif; font-size: 13px; font-weight: 600; background-color: rgb(255, 255, 255);\">Body Control</a><br></p>", "Reating_Range": 10, "Created_date": "2020-05-20T14:26:19Z", "Created_By": null}}, {"model": "categorys_and_reatings.vsreatingattribute", "pk": 2, "fields": {"Title": "Tone Clarity", "Slug": "tone-clarity", "Status": true, "Description": "<p><a href=\"http://127.0.0.1:8000/admin/categorys_and_reatings/vsreatingattribute/23/change/\" style=\"color: rgb(68, 126, 155); font-family: Roboto, &quot;Lucida Grande&quot;, Verdana, Arial, sans-serif; font-size: 13px; font-weight: 600; background-color: rgb(249, 249, 249);\">Tone Clarity</a><br></p>", "Reating_Range": 10, "Created_date": "2020-05-20T14:27:50Z", "Created_By": null}}, {"model": "categorys_and_reatings.vsreatingattribute", "pk": 3, "fields": {"Title": "Range of Emotion", "Slug": "range-of-emotion", "Status": true, "Description": "<p><a href=\"http://127.0.0.1:8000/admin/categorys_and_reatings/vsreatingattribute/22/change/\" style=\"color: rgb(68, 126, 155); font-family: Roboto, &quot;Lucida Grande&quot;, Verdana, Arial, sans-serif; font-size: 13px; font-weight: 600; background-color: rgb(255, 255, 255);\">Range of Emotion</a><br></p>", "Reating_Range": 10, "Created_date": "2020-05-20T14:28:09Z", "Created_By": null}}, {"model": "categorys_and_reatings.vsreatingattribute", "pk": 4, "fields": {"Title": "Character", "Slug": "character", "Status": true, "Description": "<p><a href=\"http://127.0.0.1:8000/admin/categorys_and_reatings/vsreatingattribute/21/change/\" style=\"color: rgb(68, 126, 155); font-family: Roboto, &quot;Lucida Grande&quot;, Verdana, Arial, sans-serif; font-size: 13px; font-weight: 600; background-color: rgb(249, 249, 249);\">Character</a><br></p>", "Reating_Range": 10, "Created_date": "2020-05-20T14:28:21Z", "Created_By": null}}, {"model": "categorys_and_reatings.vsreatingattribute", "pk": 5, "fields": {"Title": "Smooth Flow", "Slug": "smooth-flow", "Status": true, "Description": "<p><a href=\"http://127.0.0.1:8000/admin/categorys_and_reatings/vsreatingattribute/20/change/\" style=\"color: rgb(68, 126, 155); font-family: Roboto, &quot;Lucida Grande&quot;, Verdana, Arial, sans-serif; font-size: 13px; font-weight: 600; background-color: rgb(255, 255, 255);\">Smooth Flow</a><br></p>", "Reating_Range": 10, "Created_date": "2020-05-20T14:28:38Z", "Created_By": null}}, {"model": "categorys_and_reatings.vsreatingattribute", "pk": 6, "fields": {"Title": "Clarity", "Slug": "clarity", "Status": true, "Description": "<p><a href=\"http://127.0.0.1:8000/admin/categorys_and_reatings/vsreatingattribute/19/change/\" style=\"color: rgb(68, 126, 155); font-family: Roboto, &quot;Lucida Grande&quot;, Verdana, Arial, sans-serif; font-size: 13px; font-weight: 600; background-color: rgb(249, 249, 249);\">Clarity</a><br></p>", "Reating_Range": 10, "Created_date": "2020-05-20T14:28:56Z", "Created_By": null}}, {"model": "categorys_and_reatings.vsreatingattribute", "pk": 7, "fields": {"Title": "Choreography", "Slug": "choreography", "Status": true, "Description": "<p><a href=\"http://127.0.0.1:8000/admin/categorys_and_reatings/vsreatingattribute/18/change/\" style=\"color: rgb(68, 126, 155); font-family: Roboto, &quot;Lucida Grande&quot;, Verdana, Arial, sans-serif; font-size: 13px; font-weight: 600; background-color: rgb(255, 255, 255);\">Choreography</a><br></p>", "Reating_Range": 10, "Created_date": "2020-05-20T14:29:26Z", "Created_By": null}}, {"model": "categorys_and_reatings.vsreatingattribute", "pk": 8, "fields": {"Title": "Hook", "Slug": "hook", "Status": true, "Description": "<p><a href=\"http://127.0.0.1:8000/admin/categorys_and_reatings/vsreatingattribute/17/change/\" style=\"color: rgb(68, 126, 155); font-family: Roboto, &quot;Lucida Grande&quot;, Verdana, Arial, sans-serif; font-size: 13px; font-weight: 600; background-color: rgb(249, 249, 249);\">Hook</a><br></p>", "Reating_Range": 10, "Created_date": "2020-05-20T14:29:40Z", "Created_By": null}}, {"model": "categorys_and_reatings.vsreatingattribute", "pk": 9, "fields": {"Title": "Flow", "Slug": "flow", "Status": true, "Description": "<p><a href=\"http://127.0.0.1:8000/admin/categorys_and_reatings/vsreatingattribute/16/change/\" style=\"color: rgb(68, 126, 155); font-family: Roboto, &quot;Lucida Grande&quot;, Verdana, Arial, sans-serif; font-size: 13px; font-weight: 600; background-color: rgb(255, 255, 255);\">Flow</a><br></p>", "Reating_Range": 10, "Created_date": "2020-05-20T14:29:55Z", "Created_By": null}}, {"model": "categorys_and_reatings.vsreatingattribute", "pk": 10, "fields": {"Title": "Content", "Slug": "content", "Status": true, "Description": "<p><a href=\"http://127.0.0.1:8000/admin/categorys_and_reatings/vsreatingattribute/15/change/\" style=\"color: rgb(68, 126, 155); font-family: Roboto, &quot;Lucida Grande&quot;, Verdana, Arial, sans-serif; font-size: 13px; font-weight: 600; background-color: rgb(249, 249, 249);\">Content</a><br></p>", "Reating_Range": 10, "Created_date": "2020-05-20T14:30:10Z", "Created_By": null}}, {"model": "categorys_and_reatings.vsreatingattribute", "pk": 11, "fields": {"Title": "Creativity", "Slug": "creativity", "Status": true, "Description": "<p><a href=\"http://127.0.0.1:8000/admin/categorys_and_reatings/vsreatingattribute/14/change/\" style=\"color: rgb(68, 126, 155); font-family: Roboto, &quot;Lucida Grande&quot;, Verdana, Arial, sans-serif; font-size: 13px; font-weight: 600; background-color: rgb(255, 255, 255);\">Creativity</a><br></p>", "Reating_Range": 10, "Created_date": "2020-05-20T14:30:28Z", "Created_By": null}}, {"model": "categorys_and_reatings.vsreatingattribute", "pk": 12, "fields": {"Title": "Vocal Quality", "Slug": "vocal-quality", "Status": true, "Description": "<p><a href=\"http://127.0.0.1:8000/admin/categorys_and_reatings/vsreatingattribute/13/change/\" style=\"color: rgb(68, 126, 155); font-family: Roboto, &quot;Lucida Grande&quot;, Verdana, Arial, sans-serif; font-size: 13px; font-weight: 600; background-color: rgb(249, 249, 249);\">Vocal Quality</a><br></p>", "Reating_Range": 10, "Created_date": "2020-05-20T14:31:04Z", "Created_By": null}}, {"model": "categorys_and_reatings.vsreatingattribute", "pk": 13, "fields": {"Title": "Dynamics", "Slug": "dynamics", "Status": true, "Description": "<p><a href=\"http://127.0.0.1:8000/admin/categorys_and_reatings/vsreatingattribute/12/change/\" style=\"color: rgb(68, 126, 155); font-family: Roboto, &quot;Lucida Grande&quot;, Verdana, Arial, sans-serif; font-size: 13px; font-weight: 600; background-color: rgb(255, 255, 255);\">Dynamics</a><br></p>", "Reating_Range": 10, "Created_date": "2020-05-20T14:31:24Z", "Created_By": null}}, {"model": "categorys_and_reatings.vsreatingattribute", "pk": 14, "fields": {"Title": "Stage Presence", "Slug": "stage-presence", "Status": true, "Description": "<p><a href=\"http://127.0.0.1:8000/admin/categorys_and_reatings/vsreatingattribute/11/change/\" style=\"color: rgb(68, 126, 155); font-family: Roboto, &quot;Lucida Grande&quot;, Verdana, Arial, sans-serif; font-size: 13px; font-weight: 600; background-color: rgb(249, 249, 249);\">Stage Presence</a><br></p>", "Reating_Range": 10, "Created_date": "2020-05-20T14:31:38Z", "Created_By": null}}, {"model": "categorys_and_reatings.vsreatingattribute", "pk": 15, "fields": {"Title": "Breath Control", "Slug": "breath-control", "Status": true, "Description": "<p><a href=\"http://127.0.0.1:8000/admin/categorys_and_reatings/vsreatingattribute/10/change/\" style=\"color: rgb(68, 126, 155); font-family: Roboto, &quot;Lucida Grande&quot;, Verdana, Arial, sans-serif; font-size: 13px; font-weight: 600; background-color: rgb(255, 255, 255);\">Breath Control</a><br></p>", "Reating_Range": 10, "Created_date": "2020-05-20T14:31:53Z", "Created_By": null}}, {"model": "categorys_and_reatings.vsreatingattribute", "pk": 16, "fields": {"Title": "Pitch", "Slug": "pitch", "Status": true, "Description": "<p><a href=\"http://127.0.0.1:8000/admin/categorys_and_reatings/vsreatingattribute/9/change/\" style=\"color: rgb(68, 126, 155); font-family: Roboto, &quot;Lucida Grande&quot;, Verdana, Arial, sans-serif; font-size: 13px; font-weight: 600; background-color: rgb(249, 249, 249);\">Pitch</a><br></p>", "Reating_Range": 10, "Created_date": "2020-05-20T14:32:11Z", "Created_By": null}}, {"model": "categorys_and_reatings.vsreatingattribute", "pk": 17, "fields": {"Title": "Punch-line Delivery", "Slug": "punch-line-delivery", "Status": true, "Description": "<p><a href=\"http://127.0.0.1:8000/admin/categorys_and_reatings/vsreatingattribute/8/change/\" style=\"color: rgb(68, 126, 155); font-family: Roboto, &quot;Lucida Grande&quot;, Verdana, Arial, sans-serif; font-size: 13px; font-weight: 600; background-color: rgb(255, 255, 255);\">Punch-line Delivery</a><br></p>", "Reating_Range": 10, "Created_date": "2020-05-20T14:32:21Z", "Created_By": null}}, {"model": "categorys_and_reatings.vsreatingattribute", "pk": 18, "fields": {"Title": "Funny", "Slug": "funny", "Status": true, "Description": "<p><a href=\"http://127.0.0.1:8000/admin/categorys_and_reatings/vsreatingattribute/7/change/\" style=\"color: rgb(68, 126, 155); font-family: Roboto, &quot;Lucida Grande&quot;, Verdana, Arial, sans-serif; font-size: 13px; font-weight: 600; background-color: rgb(249, 249, 249);\">Funny</a><br></p>", "Reating_Range": 10, "Created_date": "2020-05-20T14:32:45Z", "Created_By": null}}, {"model": "categorys_and_reatings.vsreatingattribute", "pk": 19, "fields": {"Title": "Material", "Slug": "material", "Status": true, "Description": "<p><a href=\"http://127.0.0.1:8000/admin/categorys_and_reatings/vsreatingattribute/6/change/\" style=\"color: rgb(68, 126, 155); font-family: Roboto, &quot;Lucida Grande&quot;, Verdana, Arial, sans-serif; font-size: 13px; font-weight: 600; background-color: rgb(255, 255, 255);\">Material</a><br></p>", "Reating_Range": 10, "Created_date": "2020-05-20T14:33:01Z", "Created_By": null}}, {"model": "categorys_and_reatings.vsreatingattribute", "pk": 20, "fields": {"Title": "Energy", "Slug": "energy", "Status": true, "Description": "<p><a href=\"http://127.0.0.1:8000/admin/categorys_and_reatings/vsreatingattribute/5/change/\" style=\"color: rgb(68, 126, 155); font-family: Roboto, &quot;Lucida Grande&quot;, Verdana, Arial, sans-serif; font-size: 13px; font-weight: 600; background-color: rgb(249, 249, 249);\">Energy</a><br></p>", "Reating_Range": 10, "Created_date": "2020-05-20T14:33:39Z", "Created_By": null}}, {"model": "categorys_and_reatings.vsreatingattribute", "pk": 21, "fields": {"Title": "Confidence", "Slug": "confidence", "Status": true, "Description": "<p><a href=\"http://127.0.0.1:8000/admin/categorys_and_reatings/vsreatingattribute/4/change/\" style=\"color: rgb(68, 126, 155); font-family: Roboto, &quot;Lucida Grande&quot;, Verdana, Arial, sans-serif; font-size: 13px; font-weight: 600; background-color: rgb(255, 255, 255);\">Confidence</a><br></p>", "Reating_Range": 10, "Created_date": "2020-05-20T14:33:54Z", "Created_By": null}}, {"model": "categorys_and_reatings.vsreatingattribute", "pk": 22, "fields": {"Title": "Style", "Slug": "style", "Status": true, "Description": "<p><a href=\"http://127.0.0.1:8000/admin/categorys_and_reatings/vsreatingattribute/3/change/\" style=\"color: rgb(68, 126, 155); font-family: Roboto, &quot;Lucida Grande&quot;, Verdana, Arial, sans-serif; font-size: 13px; font-weight: 600; background-color: rgb(249, 249, 249);\">Style</a><br></p>", "Reating_Range": 10, "Created_date": "2020-05-20T14:34:10Z", "Created_By": null}}, {"model": "categorys_and_reatings.vsreatingattribute", "pk": 23, "fields": {"Title": "Attitude", "Slug": "attitude", "Status": true, "Description": "<p><a href=\"http://127.0.0.1:8000/admin/categorys_and_reatings/vsreatingattribute/2/change/\" style=\"color: rgb(68, 126, 155); font-family: Roboto, &quot;Lucida Grande&quot;, Verdana, Arial, sans-serif; font-size: 13px; font-weight: 600; background-color: rgb(255, 255, 255);\">Attitude</a><br></p>", "Reating_Range": 10, "Created_date": "2020-05-20T14:34:32Z", "Created_By": null}}, {"model": "categorys_and_reatings.vsreatingattribute", "pk": 24, "fields": {"Title": "Posture", "Slug": "posture", "Status": true, "Description": "<p><a href=\"http://127.0.0.1:8000/admin/categorys_and_reatings/vsreatingattribute/1/change/\" style=\"color: rgb(68, 126, 155); font-family: Roboto, &quot;Lucida Grande&quot;, Verdana, Arial, sans-serif; font-size: 13px; font-weight: 600; background-color: rgb(249, 249, 249);\">Posture</a><br></p>", "Reating_Range": 10, "Created_date": "2020-05-20T14:34:53Z", "Created_By": null}}, {"model": "categorys_and_reatings.vsreatingattribute", "pk": 25, "fields": {"Title": "Presantation", "Slug": "presantation", "Status": true, "Description": "<p>xyz</p>", "Reating_Range": 10, "Created_date": "2020-06-04T09:33:55Z", "Created_By": 12}}, {"model": "categorys_and_reatings.vsreatingattribute", "pk": 26, "fields": {"Title": "Tone Matching", "Slug": "tone-matching", "Status": true, "Description": "", "Reating_Range": 10, "Created_date": "2020-06-14T18:53:19Z", "Created_By": 21}}, {"model": "categorys_and_reatings.vsreatingattribute", "pk": 27, "fields": {"Title": "Balance of Colors", "Slug": "balance-of-colors", "Status": true, "Description": "", "Reating_Range": 10, "Created_date": "2020-06-15T20:35:59Z", "Created_By": null}}, {"model": "categorys_and_reatings.vsconnectreatingwithcate", "pk": 1, "fields": {"Category": 1, "Sub_Category": null, "Created_date": "2020-05-14T12:45:16Z", "Created_By": 1, "Readint_attribute": [1, 2, 3, 4, 5]}}, {"model": "categorys_and_reatings.vsconnectreatingwithcate", "pk": 2, "fields": {"Category": 2, "Sub_Category": null, "Created_date": "2020-05-14T12:46:48Z", "Created_By": 1, "Readint_attribute": [3, 4, 6, 7, 8]}}, {"model": "categorys_and_reatings.vsconnectreatingwithcate", "pk": 3, "fields": {"Category": 3, "Sub_Category": 1, "Created_date": "2020-05-14T12:47:29Z", "Created_By": 1, "Readint_attribute": [9, 10, 11, 12, 13]}}, {"model": "categorys_and_reatings.vsconnectreatingwithcate", "pk": 4, "fields": {"Category": 3, "Sub_Category": 2, "Created_date": "2020-05-14T12:48:20Z", "Created_By": 1, "Readint_attribute": [9, 10, 11, 12, 13]}}, {"model": "categorys_and_reatings.vsconnectreatingwithcate", "pk": 5, "fields": {"Category": 3, "Sub_Category": 3, "Created_date": "2020-05-14T12:48:47Z", "Created_By": 1, "Readint_attribute": [9, 10, 11, 12, 13]}}, {"model": "categorys_and_reatings.vsconnectreatingwithcate", "pk": 6, "fields": {"Category": 3, "Sub_Category": 4, "Created_date": "2020-05-14T12:50:11Z", "Created_By": 1, "Readint_attribute": [9, 10, 11, 12, 13]}}, {"model": "categorys_and_reatings.vsconnectreatingwithcate", "pk": 7, "fields": {"Category": 3, "Sub_Category": 5, "Created_date": "2020-05-14T12:50:33Z", "Created_By": 1, "Readint_attribute": [9, 10, 11, 12, 13]}}, {"model": "categorys_and_reatings.vsconnectreatingwithcate", "pk": 8, "fields": {"Category": 3, "Sub_Category": 6, "Created_date": "2020-05-14T12:50:57Z", "Created_By": 1, "Readint_attribute": [9, 10, 11, 12, 13]}}, {"model": "categorys_and_reatings.vsconnectreatingwithcate", "pk": 9, "fields": {"Category": 3, "Sub_Category": 7, "Created_date": "2020-05-14T12:51:27Z", "Created_By": 1, "Readint_attribute": [14, 15, 16, 17]}}, {"model": "categorys_and_reatings.vsconnectreatingwithcate", "pk": 10, "fields": {"Category": 3, "Sub_Category": 8, "Created_date": "2020-05-14T12:52:23Z", "Created_By": 1, "Readint_attribute": [9, 10, 11, 12, 13]}}, {"model": "categorys_and_reatings.vsconnectreatingwithcate", "pk": 11, "fields": {"Category": 3, "Sub_Category": 9, "Created_date": "2020-05-14T12:53:19Z", "Created_By": 1, "Readint_attribute": [9, 10, 11, 12, 13]}}, {"model": "categorys_and_reatings.vsconnectreatingwithcate", "pk": 12, "fields": {"Category": 4, "Sub_Category": null, "Created_date": "2020-05-14T12:55:16Z", "Created_By": 1, "Readint_attribute": [3, 4, 14, 18, 24]}}, {"model": "categorys_and_reatings.vsconnectreatingwithcate", "pk": 13, "fields": {"Category": 5, "Sub_Category": null, "Created_date": "2020-05-14T12:55:51Z", "Created_By": 1, "Readint_attribute": [4, 6, 14, 19, 20]}}, {"model": "categorys_and_reatings.vsconnectreatingwithcate", "pk": 14, "fields": {"Category": 6, "Sub_Category": null, "Created_date": "2020-05-14T12:56:43Z", "Created_By": 1, "Readint_attribute": [4, 12, 21, 22, 23]}}, {"model": "categorys_and_reatings.vsconnectreatingwithcate", "pk": 17, "fields": {"Category": 7, "Sub_Category": 13, "Created_date": "2020-06-16T02:01:21Z", "Created_By": 21, "Readint_attribute": [26, 27]}}, {"model": "admin.logentry", "pk": 1, "fields": {"action_time": "2020-05-20T14:19:15.129Z", "user": 1, "content_type": 8, "object_id": "6", "object_repr": "Acting", "action_flag": 1, "change_message": "new through import_export"}}, {"model": "admin.logentry", "pk": 2, "fields": {"action_time": "2020-05-20T14:19:15.141Z", "user": 1, "content_type": 8, "object_id": "5", "object_repr": "Spoken Word", "action_flag": 1, "change_message": "new through import_export"}}, {"model": "admin.logentry", "pk": 3, "fields": {"action_time": "2020-05-20T14:19:15.153Z", "user": 1, "content_type": 8, "object_id": "4", "object_repr": "Dancing", "action_flag": 1, "change_message": "new through import_export"}}, {"model": "admin.logentry", "pk": 4, "fields": {"action_time": "2020-05-20T14:19:15.165Z", "user": 1, "content_type": 8, "object_id": "3", "object_repr": "Singing", "action_flag": 1, "change_message": "new through import_export"}}, {"model": "admin.logentry", "pk": 5, "fields": {"action_time": "2020-05-20T14:19:15.178Z", "user": 1, "content_type": 8, "object_id": "2", "object_repr": "Comedy", "action_flag": 1, "change_message": "new through import_export"}}, {"model": "admin.logentry", "pk": 6, "fields": {"action_time": "2020-05-20T14:19:15.190Z", "user": 1, "content_type": 8, "object_id": "1", "object_repr": "Modeling", "action_flag": 1, "change_message": "new through import_export"}}, {"model": "admin.logentry", "pk": 7, "fields": {"action_time": "2020-05-20T14:20:01.999Z", "user": 1, "content_type": 9, "object_id": "9", "object_repr": "Other", "action_flag": 1, "change_message": "new through import_export"}}, {"model": "admin.logentry", "pk": 8, "fields": {"action_time": "2020-05-20T14:20:02.012Z", "user": 1, "content_type": 9, "object_id": "8", "object_repr": "Country", "action_flag": 1, "change_message": "new through import_export"}}, {"model": "admin.logentry", "pk": 9, "fields": {"action_time": "2020-05-20T14:20:02.023Z", "user": 1, "content_type": 9, "object_id": "7", "object_repr": "Rap", "action_flag": 1, "change_message": "new through import_export"}}, {"model": "admin.logentry", "pk": 10, "fields": {"action_time": "2020-05-20T14:20:02.035Z", "user": 1, "content_type": 9, "object_id": "6", "object_repr": "Rock", "action_flag": 1, "change_message": "new through import_export"}}, {"model": "admin.logentry", "pk": 11, "fields": {"action_time": "2020-05-20T14:20:02.048Z", "user": 1, "content_type": 9, "object_id": "5", "object_repr": "Pop", "action_flag": 1, "change_message": "new through import_export"}}, {"model": "admin.logentry", "pk": 12, "fields": {"action_time": "2020-05-20T14:20:02.059Z", "user": 1, "content_type": 9, "object_id": "4", "object_repr": "Hip Hop", "action_flag": 1, "change_message": "new through import_export"}}, {"model": "admin.logentry", "pk": 13, "fields": {"action_time": "2020-05-20T14:20:02.071Z", "user": 1, "content_type": 9, "object_id": "3", "object_repr": "Jazz", "action_flag": 1, "change_message": "new through import_export"}}, {"model": "admin.logentry", "pk": 14, "fields": {"action_time": "2020-05-20T14:20:02.083Z", "user": 1, "content_type": 9, "object_id": "2", "object_repr": "R&amp;B", "action_flag": 1, "change_message": "new through import_export"}}, {"model": "admin.logentry", "pk": 15, "fields": {"action_time": "2020-05-20T14:20:02.096Z", "user": 1, "content_type": 9, "object_id": "1", "object_repr": "Gospel", "action_flag": 1, "change_message": "new through import_export"}}, {"model": "admin.logentry", "pk": 16, "fields": {"action_time": "2020-05-20T14:27:44.917Z", "user": 1, "content_type": 10, "object_id": "1", "object_repr": "Body Control", "action_flag": 1, "change_message": "[{\"added\": {}}]"}}, {"model": "admin.logentry", "pk": 17, "fields": {"action_time": "2020-05-20T14:28:08.767Z", "user": 1, "content_type": 10, "object_id": "2", "object_repr": "Tone Clarity", "action_flag": 1, "change_message": "[{\"added\": {}}]"}}, {"model": "admin.logentry", "pk": 18, "fields": {"action_time": "2020-05-20T14:28:21.247Z", "user": 1, "content_type": 10, "object_id": "3", "object_repr": "Range of Emotion", "action_flag": 1, "change_message": "[{\"added\": {}}]"}}, {"model": "admin.logentry", "pk": 19, "fields": {"action_time": "2020-05-20T14:28:37.754Z", "user": 1, "content_type": 10, "object_id": "4", "object_repr": "Character", "action_flag": 1, "change_message": "[{\"added\": {}}]"}}, {"model": "admin.logentry", "pk": 20, "fields": {"action_time": "2020-05-20T14:28:56.345Z", "user": 1, "content_type": 10, "object_id": "5", "object_repr": "Smooth Flow", "action_flag": 1, "change_message": "[{\"added\": {}}]"}}, {"model": "admin.logentry", "pk": 21, "fields": {"action_time": "2020-05-20T14:29:25.900Z", "user": 1, "content_type": 10, "object_id": "6", "object_repr": "Clarity", "action_flag": 1, "change_message": "[{\"added\": {}}]"}}, {"model": "admin.logentry", "pk": 22, "fields": {"action_time": "2020-05-20T14:29:40.628Z", "user": 1, "content_type": 10, "object_id": "7", "object_repr": "Choreography", "action_flag": 1, "change_message": "[{\"added\": {}}]"}}, {"model": "admin.logentry", "pk": 23, "fields": {"action_time": "2020-05-20T14:29:55.167Z", "user": 1, "content_type": 10, "object_id": "8", "object_repr": "Hook", "action_flag": 1, "change_message": "[{\"added\": {}}]"}}, {"model": "admin.logentry", "pk": 24, "fields": {"action_time": "2020-05-20T14:30:09.716Z", "user": 1, "content_type": 10, "object_id": "9", "object_repr": "Flow", "action_flag": 1, "change_message": "[{\"added\": {}}]"}}, {"model": "admin.logentry", "pk": 25, "fields": {"action_time": "2020-05-20T14:30:27.833Z", "user": 1, "content_type": 10, "object_id": "10", "object_repr": "Content", "action_flag": 1, "change_message": "[{\"added\": {}}]"}}, {"model": "admin.logentry", "pk": 26, "fields": {"action_time": "2020-05-20T14:31:04.512Z", "user": 1, "content_type": 10, "object_id": "11", "object_repr": "Creativity", "action_flag": 1, "change_message": "[{\"added\": {}}]"}}, {"model": "admin.logentry", "pk": 27, "fields": {"action_time": "2020-05-20T14:31:23.837Z", "user": 1, "content_type": 10, "object_id": "12", "object_repr": "Vocal Quality", "action_flag": 1, "change_message": "[{\"added\": {}}]"}}, {"model": "admin.logentry", "pk": 28, "fields": {"action_time": "2020-05-20T14:31:37.684Z", "user": 1, "content_type": 10, "object_id": "13", "object_repr": "Dynamics", "action_flag": 1, "change_message": "[{\"added\": {}}]"}}, {"model": "admin.logentry", "pk": 29, "fields": {"action_time": "2020-05-20T14:31:53.254Z", "user": 1, "content_type": 10, "object_id": "14", "object_repr": "Stage Presence", "action_flag": 1, "change_message": "[{\"added\": {}}]"}}, {"model": "admin.logentry", "pk": 30, "fields": {"action_time": "2020-05-20T14:32:10.875Z", "user": 1, "content_type": 10, "object_id": "15", "object_repr": "Breath Control", "action_flag": 1, "change_message": "[{\"added\": {}}]"}}, {"model": "admin.logentry", "pk": 31, "fields": {"action_time": "2020-05-20T14:32:20.956Z", "user": 1, "content_type": 10, "object_id": "16", "object_repr": "Pitch", "action_flag": 1, "change_message": "[{\"added\": {}}]"}}, {"model": "admin.logentry", "pk": 32, "fields": {"action_time": "2020-05-20T14:32:45.000Z", "user": 1, "content_type": 10, "object_id": "17", "object_repr": "Punch-line Delivery", "action_flag": 1, "change_message": "[{\"added\": {}}]"}}, {"model": "admin.logentry", "pk": 33, "fields": {"action_time": "2020-05-20T14:33:01.025Z", "user": 1, "content_type": 10, "object_id": "18", "object_repr": "Funny", "action_flag": 1, "change_message": "[{\"added\": {}}]"}}, {"model": "admin.logentry", "pk": 34, "fields": {"action_time": "2020-05-20T14:33:39.102Z", "user": 1, "content_type": 10, "object_id": "19", "object_repr": "Material", "action_flag": 1, "change_message": "[{\"added\": {}}]"}}, {"model": "admin.logentry", "pk": 35, "fields": {"action_time": "2020-05-20T14:33:53.877Z", "user": 1, "content_type": 10, "object_id": "20", "object_repr": "Energy", "action_flag": 1, "change_message": "[{\"added\": {}}]"}}, {"model": "admin.logentry", "pk": 36, "fields": {"action_time": "2020-05-20T14:34:09.846Z", "user": 1, "content_type": 10, "object_id": "21", "object_repr": "Confidence", "action_flag": 1, "change_message": "[{\"added\": {}}]"}}, {"model": "admin.logentry", "pk": 37, "fields": {"action_time": "2020-05-20T14:34:31.944Z", "user": 1, "content_type": 10, "object_id": "22", "object_repr": "Style", "action_flag": 1, "change_message": "[{\"added\": {}}]"}}, {"model": "admin.logentry", "pk": 38, "fields": {"action_time": "2020-05-20T14:34:53.247Z", "user": 1, "content_type": 10, "object_id": "23", "object_repr": "Attitude", "action_flag": 1, "change_message": "[{\"added\": {}}]"}}, {"model": "admin.logentry", "pk": 39, "fields": {"action_time": "2020-05-20T14:35:15.147Z", "user": 1, "content_type": 10, "object_id": "24", "object_repr": "Posture", "action_flag": 1, "change_message": "[{\"added\": {}}]"}}, {"model": "admin.logentry", "pk": 40, "fields": {"action_time": "2020-05-20T14:35:57.270Z", "user": 1, "content_type": 11, "object_id": "14", "object_repr": "Acting", "action_flag": 1, "change_message": "new through import_export"}}, {"model": "admin.logentry", "pk": 41, "fields": {"action_time": "2020-05-20T14:35:57.282Z", "user": 1, "content_type": 11, "object_id": "13", "object_repr": "Spoken Word", "action_flag": 1, "change_message": "new through import_export"}}, {"model": "admin.logentry", "pk": 42, "fields": {"action_time": "2020-05-20T14:35:57.294Z", "user": 1, "content_type": 11, "object_id": "12", "object_repr": "Dancing", "action_flag": 1, "change_message": "new through import_export"}}, {"model": "admin.logentry", "pk": 43, "fields": {"action_time": "2020-05-20T14:35:57.307Z", "user": 1, "content_type": 11, "object_id": "11", "object_repr": "Singing", "action_flag": 1, "change_message": "new through import_export"}}, {"model": "admin.logentry", "pk": 44, "fields": {"action_time": "2020-05-20T14:35:57.319Z", "user": 1, "content_type": 11, "object_id": "10", "object_repr": "Singing", "action_flag": 1, "change_message": "new through import_export"}}, {"model": "admin.logentry", "pk": 45, "fields": {"action_time": "2020-05-20T14:35:57.332Z", "user": 1, "content_type": 11, "object_id": "9", "object_repr": "Singing", "action_flag": 1, "change_message": "new through import_export"}}, {"model": "admin.logentry", "pk": 46, "fields": {"action_time": "2020-05-20T14:35:57.344Z", "user": 1, "content_type": 11, "object_id": "8", "object_repr": "Singing", "action_flag": 1, "change_message": "new through import_export"}}, {"model": "admin.logentry", "pk": 47, "fields": {"action_time": "2020-05-20T14:35:57.356Z", "user": 1, "content_type": 11, "object_id": "7", "object_repr": "Singing", "action_flag": 1, "change_message": "new through import_export"}}, {"model": "admin.logentry", "pk": 48, "fields": {"action_time": "2020-05-20T14:35:57.368Z", "user": 1, "content_type": 11, "object_id": "6", "object_repr": "Singing", "action_flag": 1, "change_message": "new through import_export"}}, {"model": "admin.logentry", "pk": 49, "fields": {"action_time": "2020-05-20T14:35:57.380Z", "user": 1, "content_type": 11, "object_id": "5", "object_repr": "Singing", "action_flag": 1, "change_message": "new through import_export"}}, {"model": "admin.logentry", "pk": 50, "fields": {"action_time": "2020-05-20T14:35:57.392Z", "user": 1, "content_type": 11, "object_id": "4", "object_repr": "Singing", "action_flag": 1, "change_message": "new through import_export"}}, {"model": "admin.logentry", "pk": 51, "fields": {"action_time": "2020-05-20T14:35:57.404Z", "user": 1, "content_type": 11, "object_id": "3", "object_repr": "Singing", "action_flag": 1, "change_message": "new through import_export"}}, {"model": "admin.logentry", "pk": 52, "fields": {"action_time": "2020-05-20T14:35:57.416Z", "user": 1, "content_type": 11, "object_id": "2", "object_repr": "Comedy", "action_flag": 1, "change_message": "new through import_export"}}, {"model": "admin.logentry", "pk": 53, "fields": {"action_time": "2020-05-20T14:35:57.428Z", "user": 1, "content_type": 11, "object_id": "1", "object_repr": "Modeling", "action_flag": 1, "change_message": "new through import_export"}}, {"model": "admin.logentry", "pk": 54, "fields": {"action_time": "2020-05-20T14:37:02.913Z", "user": 1, "content_type": 16, "object_id": "1", "object_repr": "VIDEO SUBMISSION APP", "action_flag": 1, "change_message": "new through import_export"}}, {"model": "admin.logentry", "pk": 55, "fields": {"action_time": "2020-05-20T14:37:15.174Z", "user": 1, "content_type": 16, "object_id": "1", "object_repr": "VIDEO SUBMISSION APP", "action_flag": 2, "change_message": "[{\"changed\": {\"fields\": [\"No of videos uploaded by one account\"]}}]"}}, {"model": "admin.logentry", "pk": 56, "fields": {"action_time": "2020-05-20T14:40:52.657Z", "user": 1, "content_type": 4, "object_id": "2", "object_repr": "deepakpatel052", "action_flag": 3, "change_message": ""}}, {"model": "admin.logentry", "pk": 57, "fields": {"action_time": "2020-05-20T14:49:30.079Z", "user": 1, "content_type": 7, "object_id": "1", "object_repr": "Deepak", "action_flag": 3, "change_message": ""}}, {"model": "admin.logentry", "pk": 58, "fields": {"action_time": "2020-05-22T04:57:55.426Z", "user": 1, "content_type": 13, "object_id": "1", "object_repr": "Videos Title", "action_flag": 3, "change_message": ""}}, {"model": "admin.logentry", "pk": 59, "fields": {"action_time": "2020-05-22T10:14:25.174Z", "user": 1, "content_type": 16, "object_id": "1", "object_repr": "VIDEO SUBMISSION APP", "action_flag": 2, "change_message": "[{\"changed\": {\"fields\": [\"No of videos uploaded by one account\"]}}]"}}, {"model": "admin.logentry", "pk": 60, "fields": {"action_time": "2020-05-22T13:03:40.177Z", "user": 1, "content_type": 16, "object_id": "1", "object_repr": "VIDEO SUBMISSION APP", "action_flag": 2, "change_message": "[{\"changed\": {\"fields\": [\"No of videos uploaded by one account\"]}}]"}}, {"model": "admin.logentry", "pk": 61, "fields": {"action_time": "2020-05-22T13:03:58.278Z", "user": 1, "content_type": 16, "object_id": "1", "object_repr": "VIDEO SUBMISSION APP", "action_flag": 2, "change_message": "[{\"changed\": {\"fields\": [\"No of videos uploaded by one account\"]}}]"}}, {"model": "admin.logentry", "pk": 62, "fields": {"action_time": "2020-05-22T13:04:12.923Z", "user": 1, "content_type": 16, "object_id": "1", "object_repr": "VIDEO SUBMISSION APP", "action_flag": 2, "change_message": "[{\"changed\": {\"fields\": [\"No of videos uploaded by one account\"]}}]"}}, {"model": "admin.logentry", "pk": 63, "fields": {"action_time": "2020-05-22T13:04:23.261Z", "user": 1, "content_type": 16, "object_id": "1", "object_repr": "VIDEO SUBMISSION APP", "action_flag": 2, "change_message": "[{\"changed\": {\"fields\": [\"No of videos uploaded by one account\"]}}]"}}, {"model": "admin.logentry", "pk": 64, "fields": {"action_time": "2020-05-22T14:03:26.075Z", "user": 1, "content_type": 7, "object_id": "2", "object_repr": "deepak singh patel", "action_flag": 2, "change_message": "[{\"changed\": {\"fields\": [\"Image\"]}}]"}}, {"model": "admin.logentry", "pk": 65, "fields": {"action_time": "2020-05-23T07:21:33.462Z", "user": 1, "content_type": 15, "object_id": "1", "object_repr": "deepak singh patel", "action_flag": 3, "change_message": ""}}, {"model": "admin.logentry", "pk": 66, "fields": {"action_time": "2020-05-23T07:21:43.153Z", "user": 1, "content_type": 14, "object_id": "4", "object_repr": "deepak singh patel", "action_flag": 3, "change_message": ""}}, {"model": "admin.logentry", "pk": 67, "fields": {"action_time": "2020-05-23T07:21:43.166Z", "user": 1, "content_type": 14, "object_id": "3", "object_repr": "deepak singh patel", "action_flag": 3, "change_message": ""}}, {"model": "admin.logentry", "pk": 68, "fields": {"action_time": "2020-05-23T07:21:43.178Z", "user": 1, "content_type": 14, "object_id": "2", "object_repr": "deepak singh patel", "action_flag": 3, "change_message": ""}}, {"model": "admin.logentry", "pk": 69, "fields": {"action_time": "2020-05-23T07:21:43.190Z", "user": 1, "content_type": 14, "object_id": "1", "object_repr": "deepak singh patel", "action_flag": 3, "change_message": ""}}, {"model": "admin.logentry", "pk": 70, "fields": {"action_time": "2020-05-23T11:47:52.256Z", "user": 1, "content_type": 10, "object_id": "16", "object_repr": "Pitch", "action_flag": 2, "change_message": "[{\"changed\": {\"fields\": [\"Reating Range\"]}}]"}}, {"model": "admin.logentry", "pk": 71, "fields": {"action_time": "2020-05-25T09:18:57.205Z", "user": 1, "content_type": 16, "object_id": "1", "object_repr": "VIDEO SUBMISSION APP", "action_flag": 2, "change_message": "[{\"changed\": {\"fields\": [\"No of videos uploaded by one account\"]}}]"}}, {"model": "admin.logentry", "pk": 72, "fields": {"action_time": "2020-05-27T13:16:20.670Z", "user": 1, "content_type": 18, "object_id": "1", "object_repr": "ABOUT US", "action_flag": 1, "change_message": "[{\"added\": {}}]"}}, {"model": "admin.logentry", "pk": 73, "fields": {"action_time": "2020-05-27T13:19:40.791Z", "user": 1, "content_type": 18, "object_id": "2", "object_repr": "Terms of use", "action_flag": 1, "change_message": "[{\"added\": {}}]"}}, {"model": "admin.logentry", "pk": 74, "fields": {"action_time": "2020-05-27T13:20:39.083Z", "user": 1, "content_type": 18, "object_id": "3", "object_repr": "Privacy Policy", "action_flag": 1, "change_message": "[{\"added\": {}}]"}}, {"model": "admin.logentry", "pk": 75, "fields": {"action_time": "2020-05-27T13:21:30.354Z", "user": 1, "content_type": 18, "object_id": "3", "object_repr": "Privacy Policy", "action_flag": 2, "change_message": "[{\"changed\": {\"fields\": [\"Keywork\"]}}]"}}, {"model": "admin.logentry", "pk": 76, "fields": {"action_time": "2020-05-27T13:21:42.385Z", "user": 1, "content_type": 18, "object_id": "2", "object_repr": "Terms of use", "action_flag": 2, "change_message": "[{\"changed\": {\"fields\": [\"Keywork\"]}}]"}}, {"model": "admin.logentry", "pk": 77, "fields": {"action_time": "2020-05-27T13:21:59.468Z", "user": 1, "content_type": 18, "object_id": "1", "object_repr": "ABOUT US", "action_flag": 2, "change_message": "[{\"changed\": {\"fields\": [\"Keywork\"]}}]"}}, {"model": "admin.logentry", "pk": 78, "fields": {"action_time": "2020-05-27T14:37:29.562Z", "user": 1, "content_type": 4, "object_id": "5", "object_repr": "mohitcheck255", "action_flag": 3, "change_message": ""}}, {"model": "admin.logentry", "pk": 79, "fields": {"action_time": "2020-05-27T14:37:40.442Z", "user": 1, "content_type": 7, "object_id": "4", "object_repr": "Mohit Chack", "action_flag": 3, "change_message": ""}}, {"model": "admin.logentry", "pk": 80, "fields": {"action_time": "2020-05-27T14:38:04.929Z", "user": 1, "content_type": 13, "object_id": "16", "object_repr": "Cofin dance", "action_flag": 3, "change_message": ""}}, {"model": "admin.logentry", "pk": 81, "fields": {"action_time": "2020-05-28T08:16:27.237Z", "user": 1, "content_type": 13, "object_id": "22", "object_repr": "", "action_flag": 3, "change_message": ""}}, {"model": "admin.logentry", "pk": 82, "fields": {"action_time": "2020-05-28T08:16:27.250Z", "user": 1, "content_type": 13, "object_id": "21", "object_repr": "", "action_flag": 3, "change_message": ""}}, {"model": "admin.logentry", "pk": 83, "fields": {"action_time": "2020-05-28T08:27:04.805Z", "user": 1, "content_type": 13, "object_id": "23", "object_repr": "Comedy", "action_flag": 3, "change_message": ""}}, {"model": "admin.logentry", "pk": 84, "fields": {"action_time": "2020-05-28T13:08:19.615Z", "user": 1, "content_type": 13, "object_id": "33", "object_repr": "", "action_flag": 3, "change_message": ""}}, {"model": "admin.logentry", "pk": 85, "fields": {"action_time": "2020-05-28T13:08:19.627Z", "user": 1, "content_type": 13, "object_id": "32", "object_repr": "", "action_flag": 3, "change_message": ""}}, {"model": "admin.logentry", "pk": 86, "fields": {"action_time": "2020-05-28T13:19:53.471Z", "user": 1, "content_type": 13, "object_id": "34", "object_repr": "C\u00e9line Dion - My Heart Will Go On", "action_flag": 3, "change_message": ""}}, {"model": "admin.logentry", "pk": 87, "fields": {"action_time": "2020-05-28T13:19:53.484Z", "user": 1, "content_type": 13, "object_id": "33", "object_repr": "", "action_flag": 3, "change_message": ""}}, {"model": "admin.logentry", "pk": 88, "fields": {"action_time": "2020-05-28T13:19:53.496Z", "user": 1, "content_type": 13, "object_id": "32", "object_repr": "", "action_flag": 3, "change_message": ""}}, {"model": "admin.logentry", "pk": 89, "fields": {"action_time": "2020-05-29T17:28:52.989Z", "user": 1, "content_type": 18, "object_id": "4", "object_repr": "CAREER", "action_flag": 1, "change_message": "[{\"added\": {}}]"}}, {"model": "admin.logentry", "pk": 90, "fields": {"action_time": "2020-05-30T06:35:49.262Z", "user": 1, "content_type": 19, "object_id": "1", "object_repr": "C\u00e9line Dion - My Heart Will Go On", "action_flag": 1, "change_message": "[{\"added\": {}}]"}}, {"model": "admin.logentry", "pk": 91, "fields": {"action_time": "2020-05-30T08:16:48.342Z", "user": 1, "content_type": 8, "object_id": "6", "object_repr": "Acting", "action_flag": 2, "change_message": "[{\"changed\": {\"fields\": [\"Image\"]}}]"}}, {"model": "admin.logentry", "pk": 92, "fields": {"action_time": "2020-05-30T08:17:06.900Z", "user": 1, "content_type": 8, "object_id": "3", "object_repr": "Singing", "action_flag": 2, "change_message": "[{\"changed\": {\"fields\": [\"Image\"]}}]"}}, {"model": "admin.logentry", "pk": 93, "fields": {"action_time": "2020-05-30T08:17:54.238Z", "user": 1, "content_type": 8, "object_id": "6", "object_repr": "Acting", "action_flag": 2, "change_message": "[{\"changed\": {\"fields\": [\"Image\"]}}]"}}, {"model": "admin.logentry", "pk": 94, "fields": {"action_time": "2020-05-30T08:41:27.229Z", "user": 1, "content_type": 19, "object_id": "1", "object_repr": "C\u00e9line Dion - My Heart Will Go On", "action_flag": 2, "change_message": "[{\"changed\": {\"fields\": [\"Facebook Page Link\", \"LinkedIn Page Link\", \"Twitter Page Link\", \"Instagram Page Link\"]}}]"}}, {"model": "admin.logentry", "pk": 95, "fields": {"action_time": "2020-05-30T10:25:55.961Z", "user": 1, "content_type": 16, "object_id": "1", "object_repr": "VIDEO SUBMISSION APP", "action_flag": 2, "change_message": "[{\"changed\": {\"fields\": [\"No of videos watch befure login\"]}}]"}}, {"model": "admin.logentry", "pk": 96, "fields": {"action_time": "2020-05-30T14:53:14.019Z", "user": 1, "content_type": 13, "object_id": "31", "object_repr": "American Army", "action_flag": 2, "change_message": "[{\"changed\": {\"fields\": [\"Meta Title\", \"Meta keyword\"]}}]"}}, {"model": "admin.logentry", "pk": 97, "fields": {"action_time": "2020-05-30T14:53:34.759Z", "user": 1, "content_type": 13, "object_id": "31", "object_repr": "American Army", "action_flag": 2, "change_message": "[]"}}, {"model": "admin.logentry", "pk": 98, "fields": {"action_time": "2020-05-30T14:54:04.482Z", "user": 1, "content_type": 13, "object_id": "31", "object_repr": "American Army", "action_flag": 2, "change_message": "[{\"changed\": {\"fields\": [\"Meta Title\"]}}]"}}, {"model": "admin.logentry", "pk": 99, "fields": {"action_time": "2020-05-30T15:03:10.796Z", "user": 1, "content_type": 16, "object_id": "1", "object_repr": "VIDEO SUBMISSION APP", "action_flag": 2, "change_message": "[{\"changed\": {\"fields\": [\"No of videos uploaded by one account\"]}}]"}}, {"model": "admin.logentry", "pk": 100, "fields": {"action_time": "2020-05-31T12:21:21.013Z", "user": 1, "content_type": 4, "object_id": "9", "object_repr": "support", "action_flag": 2, "change_message": "[{\"changed\": {\"fields\": [\"Active\"]}}]"}}, {"model": "admin.logentry", "pk": 101, "fields": {"action_time": "2020-05-31T12:32:18.031Z", "user": 1, "content_type": 9, "object_id": "10", "object_repr": "Action", "action_flag": 1, "change_message": "[{\"added\": {}}]"}}, {"model": "admin.logentry", "pk": 102, "fields": {"action_time": "2020-05-31T12:46:09.955Z", "user": 1, "content_type": 13, "object_id": "31", "object_repr": "American Army", "action_flag": 2, "change_message": "[{\"changed\": {\"fields\": [\"Description\"]}}]"}}, {"model": "admin.logentry", "pk": 103, "fields": {"action_time": "2020-06-01T11:50:24.374Z", "user": 1, "content_type": 16, "object_id": "1", "object_repr": "VIDEO SUBMISSION APP", "action_flag": 2, "change_message": "[{\"changed\": {\"fields\": [\"Logo\"]}}]"}}, {"model": "admin.logentry", "pk": 104, "fields": {"action_time": "2020-06-01T11:51:23.011Z", "user": 1, "content_type": 16, "object_id": "1", "object_repr": "VIDEO SUBMISSION APP", "action_flag": 2, "change_message": "[{\"changed\": {\"fields\": [\"Logo\", \"Favicon Icon\"]}}]"}}, {"model": "admin.logentry", "pk": 105, "fields": {"action_time": "2020-06-02T08:01:28.065Z", "user": 1, "content_type": 17, "object_id": "8", "object_repr": "American Army", "action_flag": 3, "change_message": ""}}, {"model": "admin.logentry", "pk": 106, "fields": {"action_time": "2020-06-02T08:01:28.079Z", "user": 1, "content_type": 17, "object_id": "6", "object_repr": "BAILANDO (original)", "action_flag": 3, "change_message": ""}}, {"model": "admin.logentry", "pk": 107, "fields": {"action_time": "2020-06-02T08:01:28.093Z", "user": 1, "content_type": 17, "object_id": "5", "object_repr": "American Army", "action_flag": 3, "change_message": ""}}, {"model": "admin.logentry", "pk": 108, "fields": {"action_time": "2020-06-02T08:01:28.106Z", "user": 1, "content_type": 17, "object_id": "4", "object_repr": "bailando (original)", "action_flag": 3, "change_message": ""}}, {"model": "admin.logentry", "pk": 109, "fields": {"action_time": "2020-06-02T08:01:28.118Z", "user": 1, "content_type": 17, "object_id": "3", "object_repr": "C\u00e9line Dion - My Heart Will Go On", "action_flag": 3, "change_message": ""}}, {"model": "admin.logentry", "pk": 110, "fields": {"action_time": "2020-06-02T08:01:28.132Z", "user": 1, "content_type": 17, "object_id": "2", "object_repr": "bailando (original)", "action_flag": 3, "change_message": ""}}, {"model": "admin.logentry", "pk": 111, "fields": {"action_time": "2020-06-02T08:01:28.144Z", "user": 1, "content_type": 17, "object_id": "1", "object_repr": "Hostel - Stand Up Comedy ft. Anubhav Singh Bassi", "action_flag": 3, "change_message": ""}}, {"model": "admin.logentry", "pk": 112, "fields": {"action_time": "2020-06-02T08:32:11.616Z", "user": 1, "content_type": 16, "object_id": "1", "object_repr": "VIDEO SUBMISSION APP", "action_flag": 2, "change_message": "[{\"changed\": {\"fields\": [\"No of videos uploaded by one account\"]}}]"}}, {"model": "admin.logentry", "pk": 113, "fields": {"action_time": "2020-06-02T10:38:40.825Z", "user": 1, "content_type": 7, "object_id": "6", "object_repr": "jitendra", "action_flag": 2, "change_message": "[{\"changed\": {\"fields\": [\"Image\"]}}]"}}, {"model": "admin.logentry", "pk": 114, "fields": {"action_time": "2020-06-02T12:53:23.666Z", "user": 1, "content_type": 21, "object_id": "20", "object_repr": "videoplayback (1)", "action_flag": 3, "change_message": ""}}, {"model": "admin.logentry", "pk": 115, "fields": {"action_time": "2020-06-02T12:53:23.679Z", "user": 1, "content_type": 21, "object_id": "19", "object_repr": "bailando (original)", "action_flag": 3, "change_message": ""}}, {"model": "admin.logentry", "pk": 116, "fields": {"action_time": "2020-06-02T12:53:23.691Z", "user": 1, "content_type": 21, "object_id": "16", "object_repr": "C\u00e9line Dion - My Heart Will Go On", "action_flag": 3, "change_message": ""}}, {"model": "admin.logentry", "pk": 117, "fields": {"action_time": "2020-06-02T12:53:23.703Z", "user": 1, "content_type": 21, "object_id": "15", "object_repr": "C\u00e9line Dion - My Heart Will Go On", "action_flag": 3, "change_message": ""}}, {"model": "admin.logentry", "pk": 118, "fields": {"action_time": "2020-06-02T12:53:23.715Z", "user": 1, "content_type": 21, "object_id": "13", "object_repr": "Indian Army", "action_flag": 3, "change_message": ""}}, {"model": "admin.logentry", "pk": 119, "fields": {"action_time": "2020-06-02T12:53:23.727Z", "user": 1, "content_type": 21, "object_id": "11", "object_repr": "Gali Gali Mein....", "action_flag": 3, "change_message": ""}}, {"model": "admin.logentry", "pk": 120, "fields": {"action_time": "2020-06-02T12:53:23.739Z", "user": 1, "content_type": 21, "object_id": "10", "object_repr": "COVID-19", "action_flag": 3, "change_message": ""}}, {"model": "admin.logentry", "pk": 121, "fields": {"action_time": "2020-06-02T12:53:23.751Z", "user": 1, "content_type": 21, "object_id": "7", "object_repr": "Red Chilies Entertainment ", "action_flag": 3, "change_message": ""}}, {"model": "admin.logentry", "pk": 122, "fields": {"action_time": "2020-06-02T12:53:23.763Z", "user": 1, "content_type": 21, "object_id": "6", "object_repr": "Lot Of Money ", "action_flag": 3, "change_message": ""}}, {"model": "admin.logentry", "pk": 123, "fields": {"action_time": "2020-06-02T12:53:23.775Z", "user": 1, "content_type": 21, "object_id": "4", "object_repr": "Bollywood ", "action_flag": 3, "change_message": ""}}, {"model": "admin.logentry", "pk": 124, "fields": {"action_time": "2020-06-02T12:53:42.458Z", "user": 1, "content_type": 21, "object_id": "22", "object_repr": "BAILANDO (original)", "action_flag": 3, "change_message": ""}}, {"model": "admin.logentry", "pk": 125, "fields": {"action_time": "2020-06-02T12:53:42.470Z", "user": 1, "content_type": 21, "object_id": "21", "object_repr": "C\u00e9line Dion - My Heart Will Go On", "action_flag": 3, "change_message": ""}}, {"model": "admin.logentry", "pk": 126, "fields": {"action_time": "2020-06-02T12:53:42.483Z", "user": 1, "content_type": 21, "object_id": "18", "object_repr": "Hostel - Stand Up Comedy ft. Anubhav Singh Bassi", "action_flag": 3, "change_message": ""}}, {"model": "admin.logentry", "pk": 127, "fields": {"action_time": "2020-06-02T12:53:42.495Z", "user": 1, "content_type": 21, "object_id": "17", "object_repr": "C\u00e9line Dion - My Heart Will Go On", "action_flag": 3, "change_message": ""}}, {"model": "admin.logentry", "pk": 128, "fields": {"action_time": "2020-06-02T13:15:48.601Z", "user": 1, "content_type": 21, "object_id": "28", "object_repr": "Indian Army", "action_flag": 3, "change_message": ""}}, {"model": "admin.logentry", "pk": 129, "fields": {"action_time": "2020-06-02T13:15:48.615Z", "user": 1, "content_type": 21, "object_id": "27", "object_repr": "Gali Gali Mein....", "action_flag": 3, "change_message": ""}}, {"model": "admin.logentry", "pk": 130, "fields": {"action_time": "2020-06-02T13:15:48.627Z", "user": 1, "content_type": 21, "object_id": "26", "object_repr": "COVID-19", "action_flag": 3, "change_message": ""}}, {"model": "admin.logentry", "pk": 131, "fields": {"action_time": "2020-06-02T13:15:48.638Z", "user": 1, "content_type": 21, "object_id": "25", "object_repr": "Red Chilies Entertainment ", "action_flag": 3, "change_message": ""}}, {"model": "admin.logentry", "pk": 132, "fields": {"action_time": "2020-06-02T13:15:48.650Z", "user": 1, "content_type": 21, "object_id": "24", "object_repr": "Lot Of Money ", "action_flag": 3, "change_message": ""}}, {"model": "admin.logentry", "pk": 133, "fields": {"action_time": "2020-06-02T13:15:48.662Z", "user": 1, "content_type": 21, "object_id": "23", "object_repr": "Bollywood ", "action_flag": 3, "change_message": ""}}, {"model": "admin.logentry", "pk": 134, "fields": {"action_time": "2020-06-02T13:15:48.674Z", "user": 1, "content_type": 21, "object_id": "14", "object_repr": "Indian Army", "action_flag": 3, "change_message": ""}}, {"model": "admin.logentry", "pk": 135, "fields": {"action_time": "2020-06-02T13:15:48.686Z", "user": 1, "content_type": 21, "object_id": "12", "object_repr": "Gali Gali Mein....", "action_flag": 3, "change_message": ""}}, {"model": "admin.logentry", "pk": 136, "fields": {"action_time": "2020-06-02T13:15:48.698Z", "user": 1, "content_type": 21, "object_id": "9", "object_repr": "PUBG", "action_flag": 3, "change_message": ""}}, {"model": "admin.logentry", "pk": 137, "fields": {"action_time": "2020-06-02T13:15:48.709Z", "user": 1, "content_type": 21, "object_id": "8", "object_repr": "motivation ", "action_flag": 3, "change_message": ""}}, {"model": "admin.logentry", "pk": 138, "fields": {"action_time": "2020-06-02T13:15:48.721Z", "user": 1, "content_type": 21, "object_id": "5", "object_repr": "Hip Hop Song", "action_flag": 3, "change_message": ""}}, {"model": "admin.logentry", "pk": 139, "fields": {"action_time": "2020-06-02T13:15:48.733Z", "user": 1, "content_type": 21, "object_id": "3", "object_repr": "Bollywood ", "action_flag": 3, "change_message": ""}}, {"model": "admin.logentry", "pk": 140, "fields": {"action_time": "2020-06-02T13:15:48.744Z", "user": 1, "content_type": 21, "object_id": "2", "object_repr": "American Army", "action_flag": 3, "change_message": ""}}, {"model": "admin.logentry", "pk": 141, "fields": {"action_time": "2020-06-02T13:15:48.756Z", "user": 1, "content_type": 21, "object_id": "1", "object_repr": "American Army", "action_flag": 3, "change_message": ""}}, {"model": "admin.logentry", "pk": 142, "fields": {"action_time": "2020-06-02T15:10:59.529Z", "user": 1, "content_type": 7, "object_id": "9", "object_repr": "Mohit", "action_flag": 3, "change_message": ""}}, {"model": "admin.logentry", "pk": 143, "fields": {"action_time": "2020-06-02T15:12:23.485Z", "user": 1, "content_type": 17, "object_id": "3", "object_repr": "None", "action_flag": 3, "change_message": ""}}, {"model": "admin.logentry", "pk": 144, "fields": {"action_time": "2020-06-02T15:12:23.497Z", "user": 1, "content_type": 17, "object_id": "2", "object_repr": "None", "action_flag": 3, "change_message": ""}}, {"model": "admin.logentry", "pk": 145, "fields": {"action_time": "2020-06-02T15:12:23.509Z", "user": 1, "content_type": 17, "object_id": "1", "object_repr": "None", "action_flag": 3, "change_message": ""}}, {"model": "admin.logentry", "pk": 146, "fields": {"action_time": "2020-06-02T15:14:59.190Z", "user": 1, "content_type": 21, "object_id": "42", "object_repr": "Indian Army", "action_flag": 3, "change_message": ""}}, {"model": "admin.logentry", "pk": 147, "fields": {"action_time": "2020-06-02T15:14:59.203Z", "user": 1, "content_type": 21, "object_id": "41", "object_repr": "Indian Army", "action_flag": 3, "change_message": ""}}, {"model": "admin.logentry", "pk": 148, "fields": {"action_time": "2020-06-02T15:14:59.215Z", "user": 1, "content_type": 21, "object_id": "40", "object_repr": "Gali Gali Mein....", "action_flag": 3, "change_message": ""}}, {"model": "admin.logentry", "pk": 149, "fields": {"action_time": "2020-06-02T15:14:59.226Z", "user": 1, "content_type": 21, "object_id": "39", "object_repr": "Gali Gali Mein....", "action_flag": 3, "change_message": ""}}, {"model": "admin.logentry", "pk": 150, "fields": {"action_time": "2020-06-02T15:14:59.238Z", "user": 1, "content_type": 21, "object_id": "38", "object_repr": "COVID-19", "action_flag": 3, "change_message": ""}}, {"model": "admin.logentry", "pk": 151, "fields": {"action_time": "2020-06-02T15:14:59.250Z", "user": 1, "content_type": 21, "object_id": "37", "object_repr": "PUBG", "action_flag": 3, "change_message": ""}}, {"model": "admin.logentry", "pk": 152, "fields": {"action_time": "2020-06-02T15:14:59.261Z", "user": 1, "content_type": 21, "object_id": "36", "object_repr": "motivation ", "action_flag": 3, "change_message": ""}}, {"model": "admin.logentry", "pk": 153, "fields": {"action_time": "2020-06-02T15:14:59.273Z", "user": 1, "content_type": 21, "object_id": "35", "object_repr": "Red Chilies Entertainment ", "action_flag": 3, "change_message": ""}}, {"model": "admin.logentry", "pk": 154, "fields": {"action_time": "2020-06-02T15:14:59.285Z", "user": 1, "content_type": 21, "object_id": "34", "object_repr": "Lot Of Money ", "action_flag": 3, "change_message": ""}}, {"model": "admin.logentry", "pk": 155, "fields": {"action_time": "2020-06-02T15:14:59.296Z", "user": 1, "content_type": 21, "object_id": "33", "object_repr": "Hip Hop Song", "action_flag": 3, "change_message": ""}}, {"model": "admin.logentry", "pk": 156, "fields": {"action_time": "2020-06-02T15:14:59.308Z", "user": 1, "content_type": 21, "object_id": "32", "object_repr": "Bollywood ", "action_flag": 3, "change_message": ""}}, {"model": "admin.logentry", "pk": 157, "fields": {"action_time": "2020-06-02T15:14:59.320Z", "user": 1, "content_type": 21, "object_id": "31", "object_repr": "Bollywood ", "action_flag": 3, "change_message": ""}}, {"model": "admin.logentry", "pk": 158, "fields": {"action_time": "2020-06-02T15:14:59.332Z", "user": 1, "content_type": 21, "object_id": "30", "object_repr": "American Army", "action_flag": 3, "change_message": ""}}, {"model": "admin.logentry", "pk": 159, "fields": {"action_time": "2020-06-02T15:14:59.345Z", "user": 1, "content_type": 21, "object_id": "29", "object_repr": "American Army", "action_flag": 3, "change_message": ""}}, {"model": "admin.logentry", "pk": 160, "fields": {"action_time": "2020-06-02T15:21:20.438Z", "user": 1, "content_type": 7, "object_id": "11", "object_repr": "Not A Geeks", "action_flag": 1, "change_message": "[{\"added\": {}}]"}}, {"model": "admin.logentry", "pk": 161, "fields": {"action_time": "2020-06-02T15:25:08.073Z", "user": 1, "content_type": 21, "object_id": "56", "object_repr": "Indian Army", "action_flag": 3, "change_message": ""}}, {"model": "admin.logentry", "pk": 162, "fields": {"action_time": "2020-06-02T15:25:08.090Z", "user": 1, "content_type": 21, "object_id": "55", "object_repr": "Indian Army", "action_flag": 3, "change_message": ""}}, {"model": "admin.logentry", "pk": 163, "fields": {"action_time": "2020-06-02T15:25:08.102Z", "user": 1, "content_type": 21, "object_id": "54", "object_repr": "Gali Gali Mein....", "action_flag": 3, "change_message": ""}}, {"model": "admin.logentry", "pk": 164, "fields": {"action_time": "2020-06-02T15:25:08.115Z", "user": 1, "content_type": 21, "object_id": "53", "object_repr": "Gali Gali Mein....", "action_flag": 3, "change_message": ""}}, {"model": "admin.logentry", "pk": 165, "fields": {"action_time": "2020-06-02T15:25:08.128Z", "user": 1, "content_type": 21, "object_id": "52", "object_repr": "COVID-19", "action_flag": 3, "change_message": ""}}, {"model": "admin.logentry", "pk": 166, "fields": {"action_time": "2020-06-02T15:25:08.142Z", "user": 1, "content_type": 21, "object_id": "51", "object_repr": "PUBG", "action_flag": 3, "change_message": ""}}, {"model": "admin.logentry", "pk": 167, "fields": {"action_time": "2020-06-02T15:25:08.154Z", "user": 1, "content_type": 21, "object_id": "50", "object_repr": "motivation ", "action_flag": 3, "change_message": ""}}, {"model": "admin.logentry", "pk": 168, "fields": {"action_time": "2020-06-02T15:25:08.167Z", "user": 1, "content_type": 21, "object_id": "49", "object_repr": "Red Chilies Entertainment ", "action_flag": 3, "change_message": ""}}, {"model": "admin.logentry", "pk": 169, "fields": {"action_time": "2020-06-02T15:25:08.180Z", "user": 1, "content_type": 21, "object_id": "48", "object_repr": "Lot Of Money ", "action_flag": 3, "change_message": ""}}, {"model": "admin.logentry", "pk": 170, "fields": {"action_time": "2020-06-02T15:25:08.195Z", "user": 1, "content_type": 21, "object_id": "47", "object_repr": "Hip Hop Song", "action_flag": 3, "change_message": ""}}, {"model": "admin.logentry", "pk": 171, "fields": {"action_time": "2020-06-02T15:25:08.207Z", "user": 1, "content_type": 21, "object_id": "46", "object_repr": "Bollywood ", "action_flag": 3, "change_message": ""}}, {"model": "admin.logentry", "pk": 172, "fields": {"action_time": "2020-06-02T15:25:08.220Z", "user": 1, "content_type": 21, "object_id": "45", "object_repr": "Bollywood ", "action_flag": 3, "change_message": ""}}, {"model": "admin.logentry", "pk": 173, "fields": {"action_time": "2020-06-02T15:25:08.232Z", "user": 1, "content_type": 21, "object_id": "44", "object_repr": "American Army", "action_flag": 3, "change_message": ""}}, {"model": "admin.logentry", "pk": 174, "fields": {"action_time": "2020-06-02T15:25:08.244Z", "user": 1, "content_type": 21, "object_id": "43", "object_repr": "American Army", "action_flag": 3, "change_message": ""}}, {"model": "admin.logentry", "pk": 175, "fields": {"action_time": "2020-06-02T15:34:40.998Z", "user": 1, "content_type": 13, "object_id": "15", "object_repr": "C\u00e9line Dion - My Heart Will Go On", "action_flag": 2, "change_message": "[]"}}, {"model": "admin.logentry", "pk": 176, "fields": {"action_time": "2020-06-02T15:34:45.807Z", "user": 1, "content_type": 13, "object_id": "17", "object_repr": "Fashion show", "action_flag": 2, "change_message": "[]"}}, {"model": "admin.logentry", "pk": 177, "fields": {"action_time": "2020-06-02T15:34:52.040Z", "user": 1, "content_type": 13, "object_id": "18", "object_repr": "bailando (original)", "action_flag": 2, "change_message": "[]"}}, {"model": "admin.logentry", "pk": 178, "fields": {"action_time": "2020-06-02T15:34:58.183Z", "user": 1, "content_type": 13, "object_id": "19", "object_repr": "Indian Army", "action_flag": 2, "change_message": "[{\"changed\": {\"fields\": [\"Mail send status\"]}}]"}}, {"model": "admin.logentry", "pk": 179, "fields": {"action_time": "2020-06-02T15:35:04.299Z", "user": 1, "content_type": 13, "object_id": "20", "object_repr": "Gali Gali Mein....", "action_flag": 2, "change_message": "[{\"changed\": {\"fields\": [\"Mail send status\"]}}]"}}, {"model": "admin.logentry", "pk": 180, "fields": {"action_time": "2020-06-02T15:35:10.226Z", "user": 1, "content_type": 13, "object_id": "24", "object_repr": "COVID-19", "action_flag": 2, "change_message": "[{\"changed\": {\"fields\": [\"Mail send status\"]}}]"}}, {"model": "admin.logentry", "pk": 181, "fields": {"action_time": "2020-06-02T15:35:15.979Z", "user": 1, "content_type": 13, "object_id": "25", "object_repr": "PUBG", "action_flag": 2, "change_message": "[{\"changed\": {\"fields\": [\"Meta Title\", \"Mail send status\"]}}]"}}, {"model": "admin.logentry", "pk": 182, "fields": {"action_time": "2020-06-02T15:35:23.328Z", "user": 1, "content_type": 13, "object_id": "26", "object_repr": "motivation", "action_flag": 2, "change_message": "[{\"changed\": {\"fields\": [\"Videos Title\", \"Mail send status\"]}}]"}}, {"model": "admin.logentry", "pk": 183, "fields": {"action_time": "2020-06-02T15:35:29.727Z", "user": 1, "content_type": 13, "object_id": "27", "object_repr": "Red Chilies Entertainment", "action_flag": 2, "change_message": "[{\"changed\": {\"fields\": [\"Videos Title\", \"Meta keyword\", \"Meta description\", \"Mail send status\"]}}]"}}, {"model": "admin.logentry", "pk": 184, "fields": {"action_time": "2020-06-02T15:35:38.277Z", "user": 1, "content_type": 13, "object_id": "28", "object_repr": "Lot Of Money", "action_flag": 2, "change_message": "[{\"changed\": {\"fields\": [\"Videos Title\", \"Mail send status\"]}}]"}}, {"model": "admin.logentry", "pk": 185, "fields": {"action_time": "2020-06-02T15:35:45.963Z", "user": 1, "content_type": 13, "object_id": "29", "object_repr": "Hip Hop Song", "action_flag": 2, "change_message": "[{\"changed\": {\"fields\": [\"Meta description\", \"Mail send status\"]}}]"}}, {"model": "admin.logentry", "pk": 186, "fields": {"action_time": "2020-06-02T15:35:52.894Z", "user": 1, "content_type": 13, "object_id": "30", "object_repr": "Bollywood", "action_flag": 2, "change_message": "[{\"changed\": {\"fields\": [\"Videos Title\", \"Meta Title\", \"Mail send status\"]}}]"}}, {"model": "admin.logentry", "pk": 187, "fields": {"action_time": "2020-06-02T15:36:01.739Z", "user": 1, "content_type": 13, "object_id": "31", "object_repr": "American Army", "action_flag": 2, "change_message": "[{\"changed\": {\"fields\": [\"Mail send status\"]}}]"}}, {"model": "admin.logentry", "pk": 188, "fields": {"action_time": "2020-06-02T15:42:25.652Z", "user": 1, "content_type": 21, "object_id": "70", "object_repr": "Indian Army", "action_flag": 3, "change_message": ""}}, {"model": "admin.logentry", "pk": 189, "fields": {"action_time": "2020-06-02T15:42:25.668Z", "user": 1, "content_type": 21, "object_id": "69", "object_repr": "Indian Army", "action_flag": 3, "change_message": ""}}, {"model": "admin.logentry", "pk": 190, "fields": {"action_time": "2020-06-02T15:42:25.681Z", "user": 1, "content_type": 21, "object_id": "68", "object_repr": "Gali Gali Mein....", "action_flag": 3, "change_message": ""}}, {"model": "admin.logentry", "pk": 191, "fields": {"action_time": "2020-06-02T15:42:25.693Z", "user": 1, "content_type": 21, "object_id": "67", "object_repr": "Gali Gali Mein....", "action_flag": 3, "change_message": ""}}, {"model": "admin.logentry", "pk": 192, "fields": {"action_time": "2020-06-02T15:42:25.705Z", "user": 1, "content_type": 21, "object_id": "66", "object_repr": "COVID-19", "action_flag": 3, "change_message": ""}}, {"model": "admin.logentry", "pk": 193, "fields": {"action_time": "2020-06-02T15:42:25.718Z", "user": 1, "content_type": 21, "object_id": "65", "object_repr": "PUBG", "action_flag": 3, "change_message": ""}}, {"model": "admin.logentry", "pk": 194, "fields": {"action_time": "2020-06-02T15:42:25.730Z", "user": 1, "content_type": 21, "object_id": "64", "object_repr": "motivation", "action_flag": 3, "change_message": ""}}, {"model": "admin.logentry", "pk": 195, "fields": {"action_time": "2020-06-02T15:42:25.743Z", "user": 1, "content_type": 21, "object_id": "63", "object_repr": "Red Chilies Entertainment", "action_flag": 3, "change_message": ""}}, {"model": "admin.logentry", "pk": 196, "fields": {"action_time": "2020-06-02T15:42:25.755Z", "user": 1, "content_type": 21, "object_id": "62", "object_repr": "Lot Of Money", "action_flag": 3, "change_message": ""}}, {"model": "admin.logentry", "pk": 197, "fields": {"action_time": "2020-06-02T15:42:25.767Z", "user": 1, "content_type": 21, "object_id": "61", "object_repr": "Hip Hop Song", "action_flag": 3, "change_message": ""}}, {"model": "admin.logentry", "pk": 198, "fields": {"action_time": "2020-06-02T15:42:25.779Z", "user": 1, "content_type": 21, "object_id": "60", "object_repr": "Bollywood", "action_flag": 3, "change_message": ""}}, {"model": "admin.logentry", "pk": 199, "fields": {"action_time": "2020-06-02T15:42:25.792Z", "user": 1, "content_type": 21, "object_id": "59", "object_repr": "Bollywood", "action_flag": 3, "change_message": ""}}, {"model": "admin.logentry", "pk": 200, "fields": {"action_time": "2020-06-02T15:42:25.804Z", "user": 1, "content_type": 21, "object_id": "58", "object_repr": "American Army", "action_flag": 3, "change_message": ""}}, {"model": "admin.logentry", "pk": 201, "fields": {"action_time": "2020-06-02T15:42:25.816Z", "user": 1, "content_type": 21, "object_id": "57", "object_repr": "American Army", "action_flag": 3, "change_message": ""}}, {"model": "admin.logentry", "pk": 202, "fields": {"action_time": "2020-06-02T16:00:56.058Z", "user": 1, "content_type": 17, "object_id": "8", "object_repr": "Not A Geeks", "action_flag": 3, "change_message": ""}}, {"model": "admin.logentry", "pk": 203, "fields": {"action_time": "2020-06-02T16:04:39.872Z", "user": 1, "content_type": 13, "object_id": "14", "object_repr": "celine Dion - My Heart Will Go On", "action_flag": 2, "change_message": "[{\"changed\": {\"fields\": [\"Videos Title\"]}}]"}}, {"model": "admin.logentry", "pk": 204, "fields": {"action_time": "2020-06-02T16:04:45.547Z", "user": 1, "content_type": 13, "object_id": "15", "object_repr": "celine Dion - My Heart Will Go On", "action_flag": 2, "change_message": "[{\"changed\": {\"fields\": [\"Videos Title\"]}}]"}}, {"model": "admin.logentry", "pk": 205, "fields": {"action_time": "2020-06-02T16:04:58.415Z", "user": 1, "content_type": 13, "object_id": "13", "object_repr": "celine Dion - My Heart Will Go On", "action_flag": 2, "change_message": "[{\"changed\": {\"fields\": [\"Videos Title\"]}}]"}}, {"model": "admin.logentry", "pk": 206, "fields": {"action_time": "2020-06-02T16:05:22.967Z", "user": 1, "content_type": 13, "object_id": "3", "object_repr": "celine Dion - My Heart Will Go On", "action_flag": 2, "change_message": "[{\"changed\": {\"fields\": [\"Videos Title\"]}}]"}}, {"model": "admin.logentry", "pk": 207, "fields": {"action_time": "2020-06-02T16:40:39.743Z", "user": 1, "content_type": 18, "object_id": "3", "object_repr": "Privacy Policy", "action_flag": 2, "change_message": "[{\"changed\": {\"fields\": [\"Description\"]}}]"}}, {"model": "admin.logentry", "pk": 208, "fields": {"action_time": "2020-06-02T16:41:02.387Z", "user": 1, "content_type": 18, "object_id": "3", "object_repr": "Privacy Policy", "action_flag": 2, "change_message": "[{\"changed\": {\"fields\": [\"Description\"]}}]"}}, {"model": "admin.logentry", "pk": 209, "fields": {"action_time": "2020-06-02T16:41:35.622Z", "user": 1, "content_type": 18, "object_id": "2", "object_repr": "Terms of use", "action_flag": 2, "change_message": "[{\"changed\": {\"fields\": [\"Description\"]}}]"}}, {"model": "admin.logentry", "pk": 210, "fields": {"action_time": "2020-06-02T16:41:53.018Z", "user": 1, "content_type": 18, "object_id": "2", "object_repr": "Terms of use", "action_flag": 2, "change_message": "[{\"changed\": {\"fields\": [\"Description\"]}}]"}}, {"model": "admin.logentry", "pk": 211, "fields": {"action_time": "2020-06-02T16:42:35.483Z", "user": 1, "content_type": 18, "object_id": "1", "object_repr": "ABOUT US", "action_flag": 2, "change_message": "[{\"changed\": {\"fields\": [\"Description\"]}}]"}}, {"model": "admin.logentry", "pk": 212, "fields": {"action_time": "2020-06-02T16:42:59.819Z", "user": 1, "content_type": 18, "object_id": "1", "object_repr": "ABOUT US", "action_flag": 2, "change_message": "[{\"changed\": {\"fields\": [\"Description\"]}}]"}}, {"model": "admin.logentry", "pk": 213, "fields": {"action_time": "2020-06-03T08:55:26.175Z", "user": 1, "content_type": 18, "object_id": "1", "object_repr": "ABOUT US", "action_flag": 2, "change_message": "[{\"changed\": {\"fields\": [\"Page content\"]}}]"}}, {"model": "admin.logentry", "pk": 214, "fields": {"action_time": "2020-06-03T09:01:58.453Z", "user": 1, "content_type": 18, "object_id": "1", "object_repr": "ABOUT US", "action_flag": 2, "change_message": "[{\"changed\": {\"fields\": [\"Page content\"]}}]"}}, {"model": "admin.logentry", "pk": 215, "fields": {"action_time": "2020-06-03T09:03:13.409Z", "user": 1, "content_type": 18, "object_id": "4", "object_repr": "CAREER", "action_flag": 2, "change_message": "[{\"changed\": {\"fields\": [\"Page content\"]}}]"}}, {"model": "admin.logentry", "pk": 216, "fields": {"action_time": "2020-06-03T09:04:32.054Z", "user": 1, "content_type": 18, "object_id": "3", "object_repr": "Privacy Policy", "action_flag": 2, "change_message": "[{\"changed\": {\"fields\": [\"Page content\"]}}]"}}, {"model": "admin.logentry", "pk": 217, "fields": {"action_time": "2020-06-03T09:18:37.807Z", "user": 1, "content_type": 13, "object_id": "15", "object_repr": "celine Dion - My Heart Will Go On", "action_flag": 3, "change_message": ""}}, {"model": "admin.logentry", "pk": 218, "fields": {"action_time": "2020-06-03T09:18:37.819Z", "user": 1, "content_type": 13, "object_id": "14", "object_repr": "celine Dion - My Heart Will Go On", "action_flag": 3, "change_message": ""}}, {"model": "admin.logentry", "pk": 219, "fields": {"action_time": "2020-06-03T09:18:37.831Z", "user": 1, "content_type": 13, "object_id": "13", "object_repr": "celine Dion - My Heart Will Go On", "action_flag": 3, "change_message": ""}}, {"model": "admin.logentry", "pk": 220, "fields": {"action_time": "2020-06-03T09:18:37.843Z", "user": 1, "content_type": 13, "object_id": "12", "object_repr": "Hostel - Stand Up Comedy ft. Anubhav Singh Bassi", "action_flag": 3, "change_message": ""}}, {"model": "admin.logentry", "pk": 221, "fields": {"action_time": "2020-06-03T09:18:37.855Z", "user": 1, "content_type": 13, "object_id": "11", "object_repr": "bailando (original)", "action_flag": 3, "change_message": ""}}, {"model": "admin.logentry", "pk": 222, "fields": {"action_time": "2020-06-03T09:18:37.866Z", "user": 1, "content_type": 13, "object_id": "4", "object_repr": "videoplayback (1)", "action_flag": 3, "change_message": ""}}, {"model": "admin.logentry", "pk": 223, "fields": {"action_time": "2020-06-03T09:18:37.878Z", "user": 1, "content_type": 13, "object_id": "3", "object_repr": "celine Dion - My Heart Will Go On", "action_flag": 3, "change_message": ""}}, {"model": "admin.logentry", "pk": 224, "fields": {"action_time": "2020-06-03T09:18:37.890Z", "user": 1, "content_type": 13, "object_id": "2", "object_repr": "BAILANDO (original)", "action_flag": 3, "change_message": ""}}, {"model": "admin.logentry", "pk": 225, "fields": {"action_time": "2020-06-03T09:21:04.536Z", "user": 1, "content_type": 19, "object_id": "1", "object_repr": "Fashion show", "action_flag": 2, "change_message": "[{\"changed\": {\"fields\": [\"Video Of The Day\", \"Video Of The Day Thumbnail\"]}}]"}}, {"model": "admin.logentry", "pk": 226, "fields": {"action_time": "2020-06-03T09:21:48.424Z", "user": 1, "content_type": 19, "object_id": "1", "object_repr": "Fashion show", "action_flag": 2, "change_message": "[{\"changed\": {\"fields\": [\"Videos Of The Week\"]}}]"}}, {"model": "admin.logentry", "pk": 227, "fields": {"action_time": "2020-06-03T09:23:33.454Z", "user": 1, "content_type": 13, "object_id": "7", "object_repr": "celine Dion - My Heart Will Go On", "action_flag": 2, "change_message": "[{\"changed\": {\"fields\": [\"Videos Title\"]}}]"}}, {"model": "admin.logentry", "pk": 228, "fields": {"action_time": "2020-06-04T09:13:03.158Z", "user": 1, "content_type": 7, "object_id": "13", "object_repr": "Rajat", "action_flag": 3, "change_message": ""}}, {"model": "admin.logentry", "pk": 229, "fields": {"action_time": "2020-06-04T09:13:51.478Z", "user": 1, "content_type": 7, "object_id": "14", "object_repr": "45120", "action_flag": 1, "change_message": "[{\"added\": {}}]"}}, {"model": "admin.logentry", "pk": 230, "fields": {"action_time": "2020-06-04T09:37:24.883Z", "user": 1, "content_type": 10, "object_id": "25", "object_repr": "Presantation", "action_flag": 1, "change_message": "[{\"added\": {}}]"}}, {"model": "admin.logentry", "pk": 231, "fields": {"action_time": "2020-06-04T17:53:12.307Z", "user": 1, "content_type": 16, "object_id": "1", "object_repr": "RATED ME", "action_flag": 2, "change_message": "[{\"changed\": {\"fields\": [\"Project Title\"]}}]"}}, {"model": "admin.logentry", "pk": 232, "fields": {"action_time": "2020-06-05T07:07:48.476Z", "user": 1, "content_type": 13, "object_id": "34", "object_repr": "hey guys, i will test this area properly, What will happen, if i give a very very long title to the video.", "action_flag": 2, "change_message": "[{\"changed\": {\"fields\": [\"Publich Status\"]}}]"}}, {"model": "admin.logentry", "pk": 233, "fields": {"action_time": "2020-06-05T07:08:59.037Z", "user": 1, "content_type": 13, "object_id": "34", "object_repr": "hey guys, i will test this area properly, What will happen, if i give a very very long title to the video.", "action_flag": 2, "change_message": "[{\"changed\": {\"fields\": [\"Publich Status\"]}}]"}}, {"model": "admin.logentry", "pk": 234, "fields": {"action_time": "2020-06-05T07:14:03.173Z", "user": 1, "content_type": 13, "object_id": "34", "object_repr": "hey guys, i will test this area properly, What will happen, if i give a very very long title to the video.", "action_flag": 2, "change_message": "[{\"changed\": {\"fields\": [\"Videos Slug\"]}}]"}}, {"model": "admin.logentry", "pk": 235, "fields": {"action_time": "2020-06-05T16:38:56.748Z", "user": 1, "content_type": 19, "object_id": "1", "object_repr": "Fashion show", "action_flag": 2, "change_message": "[{\"changed\": {\"fields\": [\"Video Of The Day Thumbnail\"]}}]"}}, {"model": "admin.logentry", "pk": 236, "fields": {"action_time": "2020-06-05T16:39:38.174Z", "user": 1, "content_type": 19, "object_id": "1", "object_repr": "Fashion show", "action_flag": 2, "change_message": "[{\"changed\": {\"fields\": [\"Video Of The Day Thumbnail\"]}}]"}}, {"model": "admin.logentry", "pk": 237, "fields": {"action_time": "2020-06-05T16:39:57.260Z", "user": 1, "content_type": 19, "object_id": "1", "object_repr": "Fashion show", "action_flag": 2, "change_message": "[{\"changed\": {\"fields\": [\"Video Of The Day Thumbnail\"]}}]"}}, {"model": "admin.logentry", "pk": 238, "fields": {"action_time": "2020-06-05T16:40:43.928Z", "user": 1, "content_type": 19, "object_id": "1", "object_repr": "celine Dion - My Heart Will Go On", "action_flag": 2, "change_message": "[{\"changed\": {\"fields\": [\"Video Of The Day\", \"Video Of The Day Thumbnail\"]}}]"}}, {"model": "admin.logentry", "pk": 239, "fields": {"action_time": "2020-06-08T11:43:12.310Z", "user": 1, "content_type": 4, "object_id": "10", "object_repr": "mohitchack025", "action_flag": 2, "change_message": "[{\"changed\": {\"fields\": [\"password\"]}}]"}}, {"model": "admin.logentry", "pk": 240, "fields": {"action_time": "2020-06-08T11:53:11.575Z", "user": 1, "content_type": 18, "object_id": "2", "object_repr": "Terms of use", "action_flag": 2, "change_message": "[{\"changed\": {\"fields\": [\"Page content\"]}}]"}}, {"model": "admin.logentry", "pk": 241, "fields": {"action_time": "2020-06-08T13:23:51.858Z", "user": 1, "content_type": 13, "object_id": "41", "object_repr": "", "action_flag": 3, "change_message": ""}}, {"model": "admin.logentry", "pk": 242, "fields": {"action_time": "2020-06-08T13:23:51.871Z", "user": 1, "content_type": 13, "object_id": "40", "object_repr": "", "action_flag": 3, "change_message": ""}}, {"model": "admin.logentry", "pk": 243, "fields": {"action_time": "2020-06-08T13:23:51.883Z", "user": 1, "content_type": 13, "object_id": "39", "object_repr": "", "action_flag": 3, "change_message": ""}}, {"model": "admin.logentry", "pk": 244, "fields": {"action_time": "2020-06-08T13:23:51.895Z", "user": 1, "content_type": 13, "object_id": "38", "object_repr": "", "action_flag": 3, "change_message": ""}}, {"model": "admin.logentry", "pk": 245, "fields": {"action_time": "2020-06-08T13:23:51.907Z", "user": 1, "content_type": 13, "object_id": "37", "object_repr": "", "action_flag": 3, "change_message": ""}}, {"model": "admin.logentry", "pk": 246, "fields": {"action_time": "2020-06-08T13:23:51.919Z", "user": 1, "content_type": 13, "object_id": "36", "object_repr": "", "action_flag": 3, "change_message": ""}}, {"model": "admin.logentry", "pk": 247, "fields": {"action_time": "2020-06-08T13:23:51.931Z", "user": 1, "content_type": 13, "object_id": "35", "object_repr": "", "action_flag": 3, "change_message": ""}}, {"model": "admin.logentry", "pk": 248, "fields": {"action_time": "2020-06-08T13:48:26.364Z", "user": 1, "content_type": 13, "object_id": "34", "object_repr": "hey guys, i will test this area properly, What will happen, if i give a very very long title to the video.", "action_flag": 2, "change_message": "[{\"changed\": {\"fields\": [\"Videos Slug\"]}}]"}}, {"model": "admin.logentry", "pk": 249, "fields": {"action_time": "2020-06-08T13:48:43.513Z", "user": 1, "content_type": 13, "object_id": "42", "object_repr": "Dil charkhe ki ik tu dori", "action_flag": 2, "change_message": "[{\"changed\": {\"fields\": [\"Videos Slug\"]}}]"}}, {"model": "admin.logentry", "pk": 250, "fields": {"action_time": "2020-06-08T13:49:31.522Z", "user": 1, "content_type": 13, "object_id": "34", "object_repr": "hey guys, i will test this area properly, What will happen, if i give a very very long title to the video.", "action_flag": 2, "change_message": "[{\"changed\": {\"fields\": [\"Videos Slug\"]}}]"}}, {"model": "admin.logentry", "pk": 251, "fields": {"action_time": "2020-06-08T13:50:22.254Z", "user": 1, "content_type": 13, "object_id": "42", "object_repr": "Dil charkhe ki ik tu dori", "action_flag": 3, "change_message": ""}}, {"model": "admin.logentry", "pk": 252, "fields": {"action_time": "2020-06-08T13:57:14.113Z", "user": 1, "content_type": 13, "object_id": "43", "object_repr": "Dil charkhe ki ik tu dori", "action_flag": 2, "change_message": "[{\"changed\": {\"fields\": [\"Videos Slug\"]}}]"}}, {"model": "admin.logentry", "pk": 253, "fields": {"action_time": "2020-06-08T14:33:31.099Z", "user": 1, "content_type": 13, "object_id": "46", "object_repr": "Dil charkhe ki ik tu dori dfdd", "action_flag": 3, "change_message": ""}}, {"model": "admin.logentry", "pk": 254, "fields": {"action_time": "2020-06-08T14:33:31.112Z", "user": 1, "content_type": 13, "object_id": "45", "object_repr": "Dil charkhe ki ik tu dori", "action_flag": 3, "change_message": ""}}, {"model": "admin.logentry", "pk": 255, "fields": {"action_time": "2020-06-08T14:33:31.123Z", "user": 1, "content_type": 13, "object_id": "44", "object_repr": "", "action_flag": 3, "change_message": ""}}, {"model": "admin.logentry", "pk": 256, "fields": {"action_time": "2020-06-08T14:33:31.135Z", "user": 1, "content_type": 13, "object_id": "43", "object_repr": "Dil charkhe ki ik tu dori", "action_flag": 3, "change_message": ""}}, {"model": "admin.logentry", "pk": 257, "fields": {"action_time": "2020-06-08T14:33:31.147Z", "user": 1, "content_type": 13, "object_id": "33", "object_repr": "", "action_flag": 3, "change_message": ""}}, {"model": "admin.logentry", "pk": 258, "fields": {"action_time": "2020-06-08T14:33:31.159Z", "user": 1, "content_type": 13, "object_id": "32", "object_repr": "", "action_flag": 3, "change_message": ""}}, {"model": "admin.logentry", "pk": 259, "fields": {"action_time": "2020-06-08T14:47:27.550Z", "user": 1, "content_type": 13, "object_id": "49", "object_repr": "Dil charkhe ki ik tu dori", "action_flag": 2, "change_message": "[]"}}, {"model": "admin.logentry", "pk": 260, "fields": {"action_time": "2020-06-08T14:48:00.840Z", "user": 1, "content_type": 13, "object_id": "49", "object_repr": "Dil charkhe ki ik tu dori", "action_flag": 2, "change_message": "[]"}}, {"model": "admin.logentry", "pk": 261, "fields": {"action_time": "2020-06-08T14:49:26.034Z", "user": 1, "content_type": 13, "object_id": "49", "object_repr": "Dil charkhe ki ik tu dori", "action_flag": 2, "change_message": "[]"}}, {"model": "admin.logentry", "pk": 262, "fields": {"action_time": "2020-06-08T15:06:19.941Z", "user": 1, "content_type": 13, "object_id": "51", "object_repr": "Dil charkhe ki ik tu dori", "action_flag": 3, "change_message": ""}}, {"model": "admin.logentry", "pk": 263, "fields": {"action_time": "2020-06-08T15:09:28.964Z", "user": 1, "content_type": 13, "object_id": "52", "object_repr": "", "action_flag": 3, "change_message": ""}}, {"model": "admin.logentry", "pk": 264, "fields": {"action_time": "2020-06-08T15:14:16.551Z", "user": 1, "content_type": 13, "object_id": "53", "object_repr": "Dil charkhe ki ik tu dori", "action_flag": 2, "change_message": "[]"}}, {"model": "admin.logentry", "pk": 265, "fields": {"action_time": "2020-06-08T15:14:22.602Z", "user": 1, "content_type": 13, "object_id": "53", "object_repr": "Dil charkhe ki ik tu dori sdfsdafasf", "action_flag": 2, "change_message": "[{\"changed\": {\"fields\": [\"Videos Title\"]}}]"}}, {"model": "admin.logentry", "pk": 266, "fields": {"action_time": "2020-06-08T15:14:32.264Z", "user": 1, "content_type": 13, "object_id": "53", "object_repr": "Dil charkhe ki ik tu dori", "action_flag": 2, "change_message": "[{\"changed\": {\"fields\": [\"Videos Title\"]}}]"}}, {"model": "admin.logentry", "pk": 267, "fields": {"action_time": "2020-06-08T15:16:32.436Z", "user": 1, "content_type": 13, "object_id": "53", "object_repr": "Dil charkhe ki ik tu dori", "action_flag": 2, "change_message": "[]"}}, {"model": "admin.logentry", "pk": 268, "fields": {"action_time": "2020-06-08T15:16:40.550Z", "user": 1, "content_type": 13, "object_id": "53", "object_repr": "Dil charkhe ki ik tu dori", "action_flag": 2, "change_message": "[]"}}, {"model": "admin.logentry", "pk": 269, "fields": {"action_time": "2020-06-08T15:24:51.386Z", "user": 1, "content_type": 13, "object_id": "55", "object_repr": "Dil charkhe ki ik tu dori", "action_flag": 3, "change_message": ""}}, {"model": "admin.logentry", "pk": 270, "fields": {"action_time": "2020-06-08T15:24:51.398Z", "user": 1, "content_type": 13, "object_id": "54", "object_repr": "Dil charkhe ki ik tu dori", "action_flag": 3, "change_message": ""}}, {"model": "admin.logentry", "pk": 271, "fields": {"action_time": "2020-06-08T15:24:51.410Z", "user": 1, "content_type": 13, "object_id": "53", "object_repr": "Dil charkhe ki ik tu dori", "action_flag": 3, "change_message": ""}}, {"model": "admin.logentry", "pk": 272, "fields": {"action_time": "2020-06-08T15:24:51.422Z", "user": 1, "content_type": 13, "object_id": "50", "object_repr": "Dil charkhe ki ik tu dori", "action_flag": 3, "change_message": ""}}, {"model": "admin.logentry", "pk": 273, "fields": {"action_time": "2020-06-08T15:24:51.434Z", "user": 1, "content_type": 13, "object_id": "49", "object_repr": "Dil charkhe ki ik tu dori", "action_flag": 3, "change_message": ""}}, {"model": "admin.logentry", "pk": 274, "fields": {"action_time": "2020-06-08T15:24:51.446Z", "user": 1, "content_type": 13, "object_id": "48", "object_repr": "", "action_flag": 3, "change_message": ""}}, {"model": "admin.logentry", "pk": 275, "fields": {"action_time": "2020-06-08T15:24:51.457Z", "user": 1, "content_type": 13, "object_id": "47", "object_repr": "Dil charkhe ki ik tu dori", "action_flag": 3, "change_message": ""}}, {"model": "admin.logentry", "pk": 276, "fields": {"action_time": "2020-06-09T15:56:39.799Z", "user": 1, "content_type": 7, "object_id": "6", "object_repr": "jitendra", "action_flag": 2, "change_message": "[{\"changed\": {\"fields\": [\"Type\"]}}]"}}, {"model": "admin.logentry", "pk": 277, "fields": {"action_time": "2020-06-09T15:57:48.072Z", "user": 1, "content_type": 7, "object_id": "6", "object_repr": "jitendra", "action_flag": 2, "change_message": "[{\"changed\": {\"fields\": [\"Type\"]}}]"}}, {"model": "admin.logentry", "pk": 278, "fields": {"action_time": "2020-06-09T18:02:18.743Z", "user": 1, "content_type": 7, "object_id": "11", "object_repr": "Not A Geeks", "action_flag": 2, "change_message": "[{\"changed\": {\"fields\": [\"Type\"]}}]"}}, {"model": "admin.logentry", "pk": 279, "fields": {"action_time": "2020-06-09T18:03:11.729Z", "user": 1, "content_type": 7, "object_id": "11", "object_repr": "Not A Geeks", "action_flag": 2, "change_message": "[{\"changed\": {\"fields\": [\"Type\"]}}]"}}, {"model": "admin.logentry", "pk": 280, "fields": {"action_time": "2020-06-09T18:30:19.963Z", "user": 1, "content_type": 17, "object_id": "10", "object_repr": "Gaurav jain", "action_flag": 2, "change_message": "[{\"changed\": {\"fields\": [\"Video\"]}}]"}}, {"model": "admin.logentry", "pk": 281, "fields": {"action_time": "2020-06-09T18:30:30.613Z", "user": 1, "content_type": 17, "object_id": "9", "object_repr": "Not A Geeks", "action_flag": 2, "change_message": "[{\"changed\": {\"fields\": [\"Video\"]}}]"}}, {"model": "admin.logentry", "pk": 282, "fields": {"action_time": "2020-06-09T18:30:38.834Z", "user": 1, "content_type": 17, "object_id": "7", "object_repr": "Not A Geeks", "action_flag": 2, "change_message": "[{\"changed\": {\"fields\": [\"Video\"]}}]"}}, {"model": "admin.logentry", "pk": 283, "fields": {"action_time": "2020-06-09T18:30:52.065Z", "user": 1, "content_type": 17, "object_id": "10", "object_repr": "Gaurav jain", "action_flag": 3, "change_message": ""}}, {"model": "admin.logentry", "pk": 284, "fields": {"action_time": "2020-06-09T18:30:52.078Z", "user": 1, "content_type": 17, "object_id": "9", "object_repr": "Not A Geeks", "action_flag": 3, "change_message": ""}}, {"model": "admin.logentry", "pk": 285, "fields": {"action_time": "2020-06-09T18:30:52.090Z", "user": 1, "content_type": 17, "object_id": "7", "object_repr": "Not A Geeks", "action_flag": 3, "change_message": ""}}, {"model": "admin.logentry", "pk": 286, "fields": {"action_time": "2020-06-09T18:30:52.102Z", "user": 1, "content_type": 17, "object_id": "6", "object_repr": "Mohit Chack", "action_flag": 3, "change_message": ""}}, {"model": "admin.logentry", "pk": 287, "fields": {"action_time": "2020-06-09T18:30:52.114Z", "user": 1, "content_type": 17, "object_id": "5", "object_repr": "deepak singh patel", "action_flag": 3, "change_message": ""}}, {"model": "admin.logentry", "pk": 288, "fields": {"action_time": "2020-06-10T13:35:10.426Z", "user": 1, "content_type": 16, "object_id": "1", "object_repr": "RATED ME", "action_flag": 2, "change_message": "[{\"changed\": {\"fields\": [\"No of videos uploaded by one account\"]}}]"}}, {"model": "admin.logentry", "pk": 289, "fields": {"action_time": "2020-06-10T13:46:25.394Z", "user": 1, "content_type": 4, "object_id": "4", "object_repr": "deepaksinghpatel", "action_flag": 2, "change_message": "[{\"changed\": {\"fields\": [\"Active\"]}}]"}}, {"model": "admin.logentry", "pk": 290, "fields": {"action_time": "2020-06-10T13:46:43.394Z", "user": 1, "content_type": 4, "object_id": "4", "object_repr": "deepaksinghpatel", "action_flag": 2, "change_message": "[]"}}, {"model": "admin.logentry", "pk": 291, "fields": {"action_time": "2020-06-11T18:27:42.054Z", "user": 1, "content_type": 13, "object_id": "30", "object_repr": "Bollywood", "action_flag": 3, "change_message": ""}}, {"model": "admin.logentry", "pk": 292, "fields": {"action_time": "2020-06-11T18:27:42.066Z", "user": 1, "content_type": 13, "object_id": "19", "object_repr": "Indian Army", "action_flag": 3, "change_message": ""}}, {"model": "admin.logentry", "pk": 293, "fields": {"action_time": "2020-06-11T18:42:13.655Z", "user": 1, "content_type": 13, "object_id": "57", "object_repr": "Main Rahoon Ya Na Rahoon Full Video - Emraan Hashmi, Esha Gupta - Amaal Mallik, Armaan Malik", "action_flag": 3, "change_message": ""}}, {"model": "admin.logentry", "pk": 294, "fields": {"action_time": "2020-06-11T19:09:21.383Z", "user": 1, "content_type": 13, "object_id": "61", "object_repr": "Main Rahoon Ya Na Rahoon Full Video - Emraan Hashmi, Esha Gupta - Amaal Mallik, Armaan Malik", "action_flag": 3, "change_message": ""}}, {"model": "admin.logentry", "pk": 295, "fields": {"action_time": "2020-06-11T19:09:21.395Z", "user": 1, "content_type": 13, "object_id": "60", "object_repr": "", "action_flag": 3, "change_message": ""}}, {"model": "admin.logentry", "pk": 296, "fields": {"action_time": "2020-06-11T19:09:21.407Z", "user": 1, "content_type": 13, "object_id": "59", "object_repr": "", "action_flag": 3, "change_message": ""}}, {"model": "admin.logentry", "pk": 297, "fields": {"action_time": "2020-06-11T19:09:21.419Z", "user": 1, "content_type": 13, "object_id": "58", "object_repr": "", "action_flag": 3, "change_message": ""}}, {"model": "admin.logentry", "pk": 298, "fields": {"action_time": "2020-06-11T19:28:56.996Z", "user": 1, "content_type": 13, "object_id": "63", "object_repr": "", "action_flag": 3, "change_message": ""}}, {"model": "admin.logentry", "pk": 299, "fields": {"action_time": "2020-06-11T19:28:57.008Z", "user": 1, "content_type": 13, "object_id": "62", "object_repr": "", "action_flag": 3, "change_message": ""}}, {"model": "admin.logentry", "pk": 300, "fields": {"action_time": "2020-06-11T19:30:46.763Z", "user": 1, "content_type": 13, "object_id": "64", "object_repr": "Main Rahoon Ya Na Rahoon Full Video - Emraan Hashmi, Esha Gupta - Amaal Mallik, Armaan Malik", "action_flag": 2, "change_message": "[{\"changed\": {\"fields\": [\"Publich Status\"]}}]"}}, {"model": "admin.logentry", "pk": 301, "fields": {"action_time": "2020-06-11T22:03:30.140Z", "user": 1, "content_type": 13, "object_id": "64", "object_repr": "Main Rahoon Ya Na Rahoon Full Video - Emraan Hashmi, Esha Gupta - Amaal Mallik, Armaan Malik", "action_flag": 2, "change_message": "[{\"changed\": {\"fields\": [\"Publich Status\"]}}]"}}, {"model": "admin.logentry", "pk": 302, "fields": {"action_time": "2020-06-12T09:27:16.644Z", "user": 1, "content_type": 7, "object_id": "14", "object_repr": "45120", "action_flag": 3, "change_message": ""}}, {"model": "admin.logentry", "pk": 303, "fields": {"action_time": "2020-06-12T09:27:16.657Z", "user": 1, "content_type": 7, "object_id": "12", "object_repr": "Rajat", "action_flag": 3, "change_message": ""}}, {"model": "admin.logentry", "pk": 304, "fields": {"action_time": "2020-06-13T17:22:10.927Z", "user": 1, "content_type": 13, "object_id": "65", "object_repr": "Another video with a very long video title goes here.", "action_flag": 2, "change_message": "[{\"changed\": {\"fields\": [\"Publich Status\"]}}]"}}, {"model": "admin.logentry", "pk": 305, "fields": {"action_time": "2020-06-13T17:22:30.121Z", "user": 1, "content_type": 13, "object_id": "65", "object_repr": "Another video with a very long video title goes here.", "action_flag": 2, "change_message": "[{\"changed\": {\"fields\": [\"Publich Status\"]}}]"}}, {"model": "admin.logentry", "pk": 306, "fields": {"action_time": "2020-06-14T18:49:35.929Z", "user": 1, "content_type": 8, "object_id": "7", "object_repr": "Beauty", "action_flag": 1, "change_message": "[{\"added\": {}}]"}}, {"model": "admin.logentry", "pk": 307, "fields": {"action_time": "2020-06-14T18:52:17.147Z", "user": 1, "content_type": 9, "object_id": "11", "object_repr": "Men Hair", "action_flag": 1, "change_message": "[{\"added\": {}}]"}}, {"model": "admin.logentry", "pk": 308, "fields": {"action_time": "2020-06-14T18:52:36.370Z", "user": 1, "content_type": 9, "object_id": "12", "object_repr": "Women Hair", "action_flag": 1, "change_message": "[{\"added\": {}}]"}}, {"model": "admin.logentry", "pk": 309, "fields": {"action_time": "2020-06-14T18:52:53.808Z", "user": 1, "content_type": 9, "object_id": "13", "object_repr": "Make Up", "action_flag": 1, "change_message": "[{\"added\": {}}]"}}, {"model": "admin.logentry", "pk": 310, "fields": {"action_time": "2020-06-14T18:52:57.029Z", "user": 1, "content_type": 11, "object_id": "15", "object_repr": "Beauty", "action_flag": 1, "change_message": "[{\"added\": {}}]"}}, {"model": "admin.logentry", "pk": 311, "fields": {"action_time": "2020-06-14T18:53:40.234Z", "user": 1, "content_type": 10, "object_id": "26", "object_repr": "Tone Matching", "action_flag": 1, "change_message": "[{\"added\": {}}]"}}, {"model": "admin.logentry", "pk": 312, "fields": {"action_time": "2020-06-15T19:56:52.558Z", "user": 1, "content_type": 7, "object_id": "22", "object_repr": "Jatiner", "action_flag": 2, "change_message": "[{\"changed\": {\"fields\": [\"Type\"]}}]"}}, {"model": "admin.logentry", "pk": 313, "fields": {"action_time": "2020-06-15T19:56:57.883Z", "user": 1, "content_type": 7, "object_id": "21", "object_repr": "Jatinear", "action_flag": 2, "change_message": "[{\"changed\": {\"fields\": [\"Type\"]}}]"}}, {"model": "admin.logentry", "pk": 314, "fields": {"action_time": "2020-06-15T19:57:02.927Z", "user": 1, "content_type": 7, "object_id": "20", "object_repr": "kamalkishor rajak", "action_flag": 2, "change_message": "[{\"changed\": {\"fields\": [\"Type\"]}}]"}}, {"model": "admin.logentry", "pk": 315, "fields": {"action_time": "2020-06-15T19:57:08.134Z", "user": 1, "content_type": 7, "object_id": "18", "object_repr": "AJAY", "action_flag": 2, "change_message": "[{\"changed\": {\"fields\": [\"Type\"]}}]"}}, {"model": "admin.logentry", "pk": 316, "fields": {"action_time": "2020-06-15T19:57:14.127Z", "user": 1, "content_type": 7, "object_id": "17", "object_repr": "DSPatel", "action_flag": 2, "change_message": "[{\"changed\": {\"fields\": [\"Type\"]}}]"}}, {"model": "admin.logentry", "pk": 317, "fields": {"action_time": "2020-06-15T19:57:20.409Z", "user": 1, "content_type": 7, "object_id": "15", "object_repr": "Akshay Singh", "action_flag": 2, "change_message": "[{\"changed\": {\"fields\": [\"Type\"]}}]"}}, {"model": "admin.logentry", "pk": 318, "fields": {"action_time": "2020-06-15T19:57:26.959Z", "user": 1, "content_type": 7, "object_id": "10", "object_repr": "Rohit Arora", "action_flag": 2, "change_message": "[{\"changed\": {\"fields\": [\"Type\"]}}]"}}, {"model": "admin.logentry", "pk": 319, "fields": {"action_time": "2020-06-15T19:57:32.795Z", "user": 1, "content_type": 7, "object_id": "6", "object_repr": "jitendra", "action_flag": 2, "change_message": "[{\"changed\": {\"fields\": [\"Type\"]}}]"}}, {"model": "admin.logentry", "pk": 320, "fields": {"action_time": "2020-06-15T20:36:26.141Z", "user": 1, "content_type": 10, "object_id": "27", "object_repr": "Balance of Colors", "action_flag": 1, "change_message": "[{\"added\": {}}]"}}, {"model": "admin.logentry", "pk": 321, "fields": {"action_time": "2020-06-15T20:36:34.447Z", "user": 1, "content_type": 11, "object_id": "16", "object_repr": "Beauty", "action_flag": 1, "change_message": "[{\"added\": {}}]"}}, {"model": "admin.logentry", "pk": 322, "fields": {"action_time": "2020-06-15T20:49:53.127Z", "user": 1, "content_type": 7, "object_id": "21", "object_repr": "Jatinear", "action_flag": 2, "change_message": "[{\"changed\": {\"fields\": [\"Contact no\"]}}]"}}, {"model": "admin.logentry", "pk": 323, "fields": {"action_time": "2020-06-15T20:49:59.899Z", "user": 1, "content_type": 7, "object_id": "21", "object_repr": "Jatinear", "action_flag": 2, "change_message": "[{\"changed\": {\"fields\": [\"Contact no\"]}}]"}}, {"model": "admin.logentry", "pk": 324, "fields": {"action_time": "2020-06-15T20:58:32.088Z", "user": 1, "content_type": 7, "object_id": "24", "object_repr": "DS PATEL", "action_flag": 3, "change_message": ""}}, {"model": "admin.logentry", "pk": 325, "fields": {"action_time": "2020-06-15T20:59:05.580Z", "user": 1, "content_type": 4, "object_id": "23", "object_repr": "mohitchack2555", "action_flag": 3, "change_message": ""}}, {"model": "admin.logentry", "pk": 326, "fields": {"action_time": "2020-06-15T21:08:56.015Z", "user": 1, "content_type": 4, "object_id": "24", "object_repr": "mohitchack2555", "action_flag": 3, "change_message": ""}}, {"model": "admin.logentry", "pk": 327, "fields": {"action_time": "2020-06-15T21:11:45.975Z", "user": 1, "content_type": 4, "object_id": "25", "object_repr": "mohitchack2555", "action_flag": 3, "change_message": ""}}, {"model": "admin.logentry", "pk": 328, "fields": {"action_time": "2020-06-15T21:13:06.843Z", "user": 1, "content_type": 4, "object_id": "26", "object_repr": "mohitchack2555", "action_flag": 3, "change_message": ""}}, {"model": "admin.logentry", "pk": 329, "fields": {"action_time": "2020-06-16T01:58:51.187Z", "user": 1, "content_type": 11, "object_id": "16", "object_repr": "Beauty", "action_flag": 3, "change_message": ""}}, {"model": "admin.logentry", "pk": 330, "fields": {"action_time": "2020-06-16T01:59:03.667Z", "user": 1, "content_type": 11, "object_id": "15", "object_repr": "Beauty", "action_flag": 3, "change_message": ""}}, {"model": "admin.logentry", "pk": 331, "fields": {"action_time": "2020-06-16T02:00:25.520Z", "user": 1, "content_type": 10, "object_id": "26", "object_repr": "Tone Matching", "action_flag": 2, "change_message": "[{\"changed\": {\"fields\": [\"Reating Range\"]}}]"}}, {"model": "admin.logentry", "pk": 332, "fields": {"action_time": "2020-06-16T02:02:22.151Z", "user": 1, "content_type": 11, "object_id": "17", "object_repr": "Beauty", "action_flag": 1, "change_message": "[{\"added\": {}}]"}}, {"model": "admin.logentry", "pk": 333, "fields": {"action_time": "2020-06-16T08:57:13.295Z", "user": 1, "content_type": 16, "object_id": "1", "object_repr": "RATED ME", "action_flag": 2, "change_message": "[{\"changed\": {\"fields\": [\"No of videos uploaded by one account\"]}}]"}}, {"model": "admin.logentry", "pk": 334, "fields": {"action_time": "2020-06-17T12:33:57.885Z", "user": 1, "content_type": 7, "object_id": "26", "object_repr": "Deepak Patel", "action_flag": 3, "change_message": ""}}, {"model": "admin.logentry", "pk": 335, "fields": {"action_time": "2020-06-17T12:33:57.898Z", "user": 1, "content_type": 7, "object_id": "25", "object_repr": "Deepak Patel", "action_flag": 3, "change_message": ""}}, {"model": "admin.logentry", "pk": 336, "fields": {"action_time": "2020-06-17T12:33:57.911Z", "user": 1, "content_type": 7, "object_id": "24", "object_repr": "Deepak Patel", "action_flag": 3, "change_message": ""}}, {"model": "admin.logentry", "pk": 337, "fields": {"action_time": "2020-06-17T12:34:24.611Z", "user": 1, "content_type": 7, "object_id": "5", "object_repr": "Mohit Chack", "action_flag": 2, "change_message": "[{\"changed\": {\"fields\": [\"Type\"]}}]"}}, {"model": "admin.logentry", "pk": 338, "fields": {"action_time": "2020-06-17T12:35:16.175Z", "user": 1, "content_type": 7, "object_id": "5", "object_repr": "Mohit Chack", "action_flag": 2, "change_message": "[{\"changed\": {\"fields\": [\"Type\"]}}]"}}, {"model": "admin.logentry", "pk": 339, "fields": {"action_time": "2020-06-17T12:56:54.370Z", "user": 1, "content_type": 13, "object_id": "73", "object_repr": "", "action_flag": 3, "change_message": ""}}, {"model": "admin.logentry", "pk": 340, "fields": {"action_time": "2020-06-17T12:56:54.382Z", "user": 1, "content_type": 13, "object_id": "72", "object_repr": "", "action_flag": 3, "change_message": ""}}, {"model": "admin.logentry", "pk": 341, "fields": {"action_time": "2020-06-17T12:56:54.394Z", "user": 1, "content_type": 13, "object_id": "71", "object_repr": "", "action_flag": 3, "change_message": ""}}, {"model": "admin.logentry", "pk": 342, "fields": {"action_time": "2020-06-17T12:56:54.406Z", "user": 1, "content_type": 13, "object_id": "69", "object_repr": "", "action_flag": 3, "change_message": ""}}, {"model": "admin.logentry", "pk": 343, "fields": {"action_time": "2020-06-17T12:56:54.418Z", "user": 1, "content_type": 13, "object_id": "68", "object_repr": "", "action_flag": 3, "change_message": ""}}, {"model": "admin.logentry", "pk": 344, "fields": {"action_time": "2020-06-17T12:57:22.893Z", "user": 1, "content_type": 13, "object_id": "66", "object_repr": "", "action_flag": 3, "change_message": ""}}, {"model": "admin.logentry", "pk": 345, "fields": {"action_time": "2020-06-17T12:57:22.906Z", "user": 1, "content_type": 13, "object_id": "56", "object_repr": "", "action_flag": 3, "change_message": ""}}, {"model": "admin.logentry", "pk": 346, "fields": {"action_time": "2020-06-17T15:02:05.913Z", "user": 1, "content_type": 4, "object_id": "10", "object_repr": "mohitchack025", "action_flag": 2, "change_message": "[{\"changed\": {\"fields\": [\"password\"]}}]"}}, {"model": "admin.logentry", "pk": 347, "fields": {"action_time": "2020-06-18T07:53:00.716Z", "user": 1, "content_type": 19, "object_id": "1", "object_repr": "celine Dion - My Heart Will Go On", "action_flag": 2, "change_message": "[{\"changed\": {\"fields\": [\"Session 2 Title\"]}}]"}}, {"model": "admin.logentry", "pk": 348, "fields": {"action_time": "2020-06-18T16:05:07.917Z", "user": 1, "content_type": 9, "object_id": "2", "object_repr": "Rampb", "action_flag": 2, "change_message": "[{\"changed\": {\"fields\": [\"Title\"]}}]"}}, {"model": "admin.logentry", "pk": 349, "fields": {"action_time": "2020-06-24T10:11:52.011Z", "user": 1, "content_type": 13, "object_id": "79", "object_repr": "Eyebrow Touch Up", "action_flag": 2, "change_message": "[{\"changed\": {\"fields\": [\"Publich Status\"]}}]"}}, {"model": "admin.logentry", "pk": 350, "fields": {"action_time": "2020-07-20T07:03:40.802Z", "user": 1, "content_type": 23, "object_id": "1", "object_repr": "Free Subscription", "action_flag": 1, "change_message": "[{\"added\": {}}]"}}, {"model": "admin.logentry", "pk": 351, "fields": {"action_time": "2020-07-20T07:03:52.663Z", "user": 1, "content_type": 23, "object_id": "2", "object_repr": "Paid Subscription", "action_flag": 1, "change_message": "[{\"added\": {}}]"}}, {"model": "admin.logentry", "pk": 352, "fields": {"action_time": "2020-07-20T07:10:45.302Z", "user": 1, "content_type": 23, "object_id": "1", "object_repr": "Free Subscription", "action_flag": 2, "change_message": "[{\"changed\": {\"fields\": [\"Set order\"]}}]"}}, {"model": "admin.logentry", "pk": 353, "fields": {"action_time": "2020-07-20T07:10:55.248Z", "user": 1, "content_type": 23, "object_id": "2", "object_repr": "Paid Subscription", "action_flag": 2, "change_message": "[{\"changed\": {\"fields\": [\"Set order\"]}}]"}}, {"model": "admin.logentry", "pk": 354, "fields": {"action_time": "2020-07-20T14:19:50.814Z", "user": 1, "content_type": 22, "object_id": "1", "object_repr": "DD6T1KNCKT", "action_flag": 3, "change_message": ""}}, {"model": "admin.logentry", "pk": 355, "fields": {"action_time": "2020-07-20T14:34:32.485Z", "user": 1, "content_type": 22, "object_id": "8", "object_repr": "F22T0C6ZST", "action_flag": 3, "change_message": ""}}, {"model": "admin.logentry", "pk": 356, "fields": {"action_time": "2020-07-20T14:34:32.498Z", "user": 1, "content_type": 22, "object_id": "7", "object_repr": "Z6WE14JO1Y", "action_flag": 3, "change_message": ""}}, {"model": "admin.logentry", "pk": 357, "fields": {"action_time": "2020-07-20T14:34:32.510Z", "user": 1, "content_type": 22, "object_id": "6", "object_repr": "1MC806TNZQ", "action_flag": 3, "change_message": ""}}, {"model": "admin.logentry", "pk": 358, "fields": {"action_time": "2020-07-20T14:34:32.516Z", "user": 1, "content_type": 22, "object_id": "5", "object_repr": "YW8V7YX5CN", "action_flag": 3, "change_message": ""}}, {"model": "admin.logentry", "pk": 359, "fields": {"action_time": "2020-07-20T14:34:32.538Z", "user": 1, "content_type": 22, "object_id": "4", "object_repr": "9JK6MDL2A0", "action_flag": 3, "change_message": ""}}, {"model": "admin.logentry", "pk": 360, "fields": {"action_time": "2020-07-20T14:34:32.550Z", "user": 1, "content_type": 22, "object_id": "3", "object_repr": "6YIL4EORP2", "action_flag": 3, "change_message": ""}}, {"model": "admin.logentry", "pk": 361, "fields": {"action_time": "2020-07-20T14:34:32.562Z", "user": 1, "content_type": 22, "object_id": "2", "object_repr": "YFQRFHR4XY", "action_flag": 3, "change_message": ""}}, {"model": "admin.logentry", "pk": 362, "fields": {"action_time": "2020-07-20T15:00:11.413Z", "user": 1, "content_type": 22, "object_id": "12", "object_repr": "B1Q8XAVI17", "action_flag": 3, "change_message": ""}}, {"model": "admin.logentry", "pk": 363, "fields": {"action_time": "2020-07-20T15:00:11.425Z", "user": 1, "content_type": 22, "object_id": "11", "object_repr": "MNWXDLZA73", "action_flag": 3, "change_message": ""}}, {"model": "admin.logentry", "pk": 364, "fields": {"action_time": "2020-07-20T15:00:11.438Z", "user": 1, "content_type": 22, "object_id": "10", "object_repr": "FB19IWA04K", "action_flag": 3, "change_message": ""}}, {"model": "admin.logentry", "pk": 365, "fields": {"action_time": "2020-07-20T15:00:11.450Z", "user": 1, "content_type": 22, "object_id": "9", "object_repr": "I6JW6MY93S", "action_flag": 3, "change_message": ""}}, {"model": "admin.logentry", "pk": 366, "fields": {"action_time": "2020-07-21T10:38:17.916Z", "user": 1, "content_type": 7, "object_id": "44", "object_repr": "Deepak Patel", "action_flag": 3, "change_message": ""}}, {"model": "admin.logentry", "pk": 367, "fields": {"action_time": "2020-07-21T10:38:56.067Z", "user": 1, "content_type": 4, "object_id": "44", "object_repr": "notageeks", "action_flag": 3, "change_message": ""}}, {"model": "admin.logentry", "pk": 368, "fields": {"action_time": "2020-07-21T10:46:03.680Z", "user": 1, "content_type": 4, "object_id": "45", "object_repr": "notageeks", "action_flag": 3, "change_message": ""}}, {"model": "admin.logentry", "pk": 369, "fields": {"action_time": "2020-07-21T10:46:16.027Z", "user": 1, "content_type": 7, "object_id": "45", "object_repr": "Deepak Patel", "action_flag": 3, "change_message": ""}}, {"model": "admin.logentry", "pk": 370, "fields": {"action_time": "2020-07-21T10:52:07.754Z", "user": 1, "content_type": 7, "object_id": "46", "object_repr": "Deepak Patel", "action_flag": 3, "change_message": ""}}, {"model": "admin.logentry", "pk": 371, "fields": {"action_time": "2020-07-21T10:52:31.262Z", "user": 1, "content_type": 4, "object_id": "46", "object_repr": "notageeks", "action_flag": 3, "change_message": ""}}, {"model": "admin.logentry", "pk": 372, "fields": {"action_time": "2020-07-21T10:54:43.502Z", "user": 1, "content_type": 4, "object_id": "47", "object_repr": "notageeks", "action_flag": 3, "change_message": ""}}, {"model": "admin.logentry", "pk": 373, "fields": {"action_time": "2020-07-21T10:55:01.658Z", "user": 1, "content_type": 7, "object_id": "47", "object_repr": "Deepak Patel", "action_flag": 3, "change_message": ""}}, {"model": "admin.logentry", "pk": 374, "fields": {"action_time": "2020-07-21T10:56:46.329Z", "user": 1, "content_type": 7, "object_id": "48", "object_repr": "Deepak Patel", "action_flag": 3, "change_message": ""}}, {"model": "admin.logentry", "pk": 375, "fields": {"action_time": "2020-07-21T10:57:02.070Z", "user": 1, "content_type": 4, "object_id": "48", "object_repr": "notageeks", "action_flag": 3, "change_message": ""}}, {"model": "admin.logentry", "pk": 376, "fields": {"action_time": "2020-07-21T11:01:01.181Z", "user": 1, "content_type": 4, "object_id": "49", "object_repr": "notageeks", "action_flag": 3, "change_message": ""}}, {"model": "admin.logentry", "pk": 377, "fields": {"action_time": "2020-07-21T11:01:20.820Z", "user": 1, "content_type": 7, "object_id": "49", "object_repr": "Deepak Patel", "action_flag": 3, "change_message": ""}}, {"model": "admin.logentry", "pk": 378, "fields": {"action_time": "2020-07-21T11:04:47.107Z", "user": 1, "content_type": 16, "object_id": "1", "object_repr": "RATED ME", "action_flag": 2, "change_message": "[{\"changed\": {\"fields\": [\"No of videos uploaded by one account\"]}}]"}}, {"model": "admin.logentry", "pk": 379, "fields": {"action_time": "2020-07-21T11:42:38.896Z", "user": 1, "content_type": 22, "object_id": "28", "object_repr": "07XSGCVKSZ", "action_flag": 2, "change_message": "[{\"changed\": {\"fields\": [\"Expayer date\"]}}]"}}, {"model": "admin.logentry", "pk": 380, "fields": {"action_time": "2020-07-21T11:50:47.868Z", "user": 1, "content_type": 22, "object_id": "28", "object_repr": "07XSGCVKSZ", "action_flag": 2, "change_message": "[{\"changed\": {\"fields\": [\"Expayer date\"]}}]"}}, {"model": "admin.logentry", "pk": 381, "fields": {"action_time": "2020-07-21T11:51:11.630Z", "user": 1, "content_type": 22, "object_id": "28", "object_repr": "07XSGCVKSZ", "action_flag": 2, "change_message": "[{\"changed\": {\"fields\": [\"Expayer date\"]}}]"}}, {"model": "admin.logentry", "pk": 382, "fields": {"action_time": "2020-07-21T11:51:58.243Z", "user": 1, "content_type": 22, "object_id": "28", "object_repr": "07XSGCVKSZ", "action_flag": 2, "change_message": "[]"}}, {"model": "admin.logentry", "pk": 383, "fields": {"action_time": "2020-07-21T11:52:07.543Z", "user": 1, "content_type": 22, "object_id": "28", "object_repr": "07XSGCVKSZ", "action_flag": 2, "change_message": "[{\"changed\": {\"fields\": [\"Expayer date\"]}}]"}}, {"model": "admin.logentry", "pk": 384, "fields": {"action_time": "2020-07-21T11:52:39.620Z", "user": 1, "content_type": 22, "object_id": "28", "object_repr": "07XSGCVKSZ", "action_flag": 2, "change_message": "[{\"changed\": {\"fields\": [\"Expayer date\"]}}]"}}, {"model": "admin.logentry", "pk": 385, "fields": {"action_time": "2020-07-23T18:37:34.858Z", "user": 1, "content_type": 23, "object_id": "1", "object_repr": "Free Subscription", "action_flag": 2, "change_message": "[]"}}, {"model": "admin.logentry", "pk": 386, "fields": {"action_time": "2020-07-25T07:41:15.447Z", "user": 1, "content_type": 24, "object_id": "1", "object_repr": "AQ9-BCwXV7PaAj4aDE9OdYxCzUTXCRqdh8uZYchQBtSlDlMBZ9qn-fUj4OUe3MLmfwi5AHfNuTdPQh7P", "action_flag": 1, "change_message": "[{\"added\": {}}]"}}, {"model": "admin.logentry", "pk": 387, "fields": {"action_time": "2020-07-25T08:17:52.146Z", "user": 1, "content_type": 24, "object_id": "1", "object_repr": "deepak", "action_flag": 2, "change_message": "[{\"changed\": {\"fields\": [\"PayPal Clientid\"]}}]"}}, {"model": "admin.logentry", "pk": 388, "fields": {"action_time": "2020-07-25T08:18:09.681Z", "user": 1, "content_type": 24, "object_id": "1", "object_repr": "AQ9-BCwXV7PaAj4aDE9OdYxCzUTXCRqdh8uZYchQBtSlDlMBZ9qn-fUj4OUe3MLmfwi5AHfNuTdPQh7P", "action_flag": 2, "change_message": "[{\"changed\": {\"fields\": [\"PayPal Clientid\"]}}]"}}, {"model": "admin.logentry", "pk": 389, "fields": {"action_time": "2020-07-25T08:29:34.287Z", "user": 1, "content_type": 23, "object_id": "2", "object_repr": "Paid Subscription", "action_flag": 2, "change_message": "[{\"changed\": {\"fields\": [\"Description\"]}}]"}}, {"model": "admin.logentry", "pk": 390, "fields": {"action_time": "2020-07-25T08:30:07.880Z", "user": 1, "content_type": 23, "object_id": "1", "object_repr": "Free Subscription", "action_flag": 2, "change_message": "[{\"changed\": {\"fields\": [\"Description\"]}}]"}}, {"model": "admin.logentry", "pk": 391, "fields": {"action_time": "2020-07-27T06:03:46.710Z", "user": 1, "content_type": 22, "object_id": "48", "object_repr": "DN8PG1RQ8M", "action_flag": 3, "change_message": ""}}, {"model": "admin.logentry", "pk": 392, "fields": {"action_time": "2020-07-27T06:03:46.723Z", "user": 1, "content_type": 22, "object_id": "47", "object_repr": "XMFZHINJOU", "action_flag": 3, "change_message": ""}}, {"model": "admin.logentry", "pk": 393, "fields": {"action_time": "2020-07-27T06:03:46.735Z", "user": 1, "content_type": 22, "object_id": "46", "object_repr": "M4JFP8UTOR", "action_flag": 3, "change_message": ""}}, {"model": "admin.logentry", "pk": 394, "fields": {"action_time": "2020-07-27T06:03:46.747Z", "user": 1, "content_type": 22, "object_id": "45", "object_repr": "UYE8NBVDFC", "action_flag": 3, "change_message": ""}}, {"model": "admin.logentry", "pk": 395, "fields": {"action_time": "2020-07-27T06:03:46.759Z", "user": 1, "content_type": 22, "object_id": "44", "object_repr": "E1T8QE09DG", "action_flag": 3, "change_message": ""}}, {"model": "admin.logentry", "pk": 396, "fields": {"action_time": "2020-07-27T06:03:46.771Z", "user": 1, "content_type": 22, "object_id": "43", "object_repr": "DOBZ58RP3M", "action_flag": 3, "change_message": ""}}, {"model": "admin.logentry", "pk": 397, "fields": {"action_time": "2020-07-27T06:03:46.783Z", "user": 1, "content_type": 22, "object_id": "42", "object_repr": "X3FGP97ZQX", "action_flag": 3, "change_message": ""}}, {"model": "admin.logentry", "pk": 398, "fields": {"action_time": "2020-07-27T06:03:46.795Z", "user": 1, "content_type": 22, "object_id": "41", "object_repr": "8IK93LVSK3", "action_flag": 3, "change_message": ""}}, {"model": "admin.logentry", "pk": 399, "fields": {"action_time": "2020-07-27T06:03:46.807Z", "user": 1, "content_type": 22, "object_id": "40", "object_repr": "9WR00U43M9", "action_flag": 3, "change_message": ""}}, {"model": "admin.logentry", "pk": 400, "fields": {"action_time": "2020-07-27T06:03:46.818Z", "user": 1, "content_type": 22, "object_id": "39", "object_repr": "HZR2AJLY67", "action_flag": 3, "change_message": ""}}, {"model": "admin.logentry", "pk": 401, "fields": {"action_time": "2020-07-27T06:03:46.830Z", "user": 1, "content_type": 22, "object_id": "38", "object_repr": "RBAHNZY92M", "action_flag": 3, "change_message": ""}}, {"model": "admin.logentry", "pk": 402, "fields": {"action_time": "2020-07-27T06:03:46.842Z", "user": 1, "content_type": 22, "object_id": "37", "object_repr": "TFG4M3PJUY", "action_flag": 3, "change_message": ""}}, {"model": "admin.logentry", "pk": 403, "fields": {"action_time": "2020-07-27T06:03:46.854Z", "user": 1, "content_type": 22, "object_id": "36", "object_repr": "RD1DT4UCWW", "action_flag": 3, "change_message": ""}}, {"model": "admin.logentry", "pk": 404, "fields": {"action_time": "2020-07-27T06:03:46.866Z", "user": 1, "content_type": 22, "object_id": "35", "object_repr": "7QXRTFKXH0", "action_flag": 3, "change_message": ""}}, {"model": "admin.logentry", "pk": 405, "fields": {"action_time": "2020-07-27T06:03:46.878Z", "user": 1, "content_type": 22, "object_id": "34", "object_repr": "A2YPRPHWKO", "action_flag": 3, "change_message": ""}}, {"model": "admin.logentry", "pk": 406, "fields": {"action_time": "2020-07-27T06:03:46.890Z", "user": 1, "content_type": 22, "object_id": "33", "object_repr": "7AAQDNE6R3", "action_flag": 3, "change_message": ""}}, {"model": "admin.logentry", "pk": 407, "fields": {"action_time": "2020-07-27T06:03:46.902Z", "user": 1, "content_type": 22, "object_id": "32", "object_repr": "D6KPDUABHB", "action_flag": 3, "change_message": ""}}, {"model": "admin.logentry", "pk": 408, "fields": {"action_time": "2020-07-27T06:03:46.914Z", "user": 1, "content_type": 22, "object_id": "31", "object_repr": "V8M6XCA1E3", "action_flag": 3, "change_message": ""}}, {"model": "admin.logentry", "pk": 409, "fields": {"action_time": "2020-07-27T06:03:46.926Z", "user": 1, "content_type": 22, "object_id": "30", "object_repr": "D6QH5WPW81", "action_flag": 3, "change_message": ""}}, {"model": "admin.logentry", "pk": 410, "fields": {"action_time": "2020-07-27T06:03:46.938Z", "user": 1, "content_type": 22, "object_id": "29", "object_repr": "TEG9V94SUJ", "action_flag": 3, "change_message": ""}}, {"model": "admin.logentry", "pk": 411, "fields": {"action_time": "2020-07-27T06:03:46.950Z", "user": 1, "content_type": 22, "object_id": "28", "object_repr": "07XSGCVKSZ", "action_flag": 3, "change_message": ""}}, {"model": "admin.logentry", "pk": 412, "fields": {"action_time": "2020-07-27T06:03:46.961Z", "user": 1, "content_type": 22, "object_id": "27", "object_repr": "3DRHES508V", "action_flag": 3, "change_message": ""}}, {"model": "admin.logentry", "pk": 413, "fields": {"action_time": "2020-07-27T06:03:46.973Z", "user": 1, "content_type": 22, "object_id": "26", "object_repr": "17IP6CNJU6", "action_flag": 3, "change_message": ""}}, {"model": "admin.logentry", "pk": 414, "fields": {"action_time": "2020-07-27T06:03:46.985Z", "user": 1, "content_type": 22, "object_id": "25", "object_repr": "2WX21P9VJW", "action_flag": 3, "change_message": ""}}, {"model": "admin.logentry", "pk": 415, "fields": {"action_time": "2020-07-27T06:03:46.997Z", "user": 1, "content_type": 22, "object_id": "24", "object_repr": "MDJUHG1E7R", "action_flag": 3, "change_message": ""}}, {"model": "admin.logentry", "pk": 416, "fields": {"action_time": "2020-07-27T06:03:47.010Z", "user": 1, "content_type": 22, "object_id": "23", "object_repr": "GR2SFJ9QVV", "action_flag": 3, "change_message": ""}}, {"model": "admin.logentry", "pk": 417, "fields": {"action_time": "2020-07-27T06:03:47.022Z", "user": 1, "content_type": 22, "object_id": "22", "object_repr": "40VFPT7ECT", "action_flag": 3, "change_message": ""}}, {"model": "admin.logentry", "pk": 418, "fields": {"action_time": "2020-07-27T06:03:47.034Z", "user": 1, "content_type": 22, "object_id": "21", "object_repr": "R2XROF4QRW", "action_flag": 3, "change_message": ""}}, {"model": "admin.logentry", "pk": 419, "fields": {"action_time": "2020-07-27T06:03:47.046Z", "user": 1, "content_type": 22, "object_id": "20", "object_repr": "CA7GGBUMZA", "action_flag": 3, "change_message": ""}}, {"model": "admin.logentry", "pk": 420, "fields": {"action_time": "2020-07-27T06:03:47.057Z", "user": 1, "content_type": 22, "object_id": "19", "object_repr": "5NQLC5NIDV", "action_flag": 3, "change_message": ""}}, {"model": "admin.logentry", "pk": 421, "fields": {"action_time": "2020-07-27T06:03:47.069Z", "user": 1, "content_type": 22, "object_id": "18", "object_repr": "I4O5HGJHDK", "action_flag": 3, "change_message": ""}}, {"model": "admin.logentry", "pk": 422, "fields": {"action_time": "2020-07-27T06:03:47.081Z", "user": 1, "content_type": 22, "object_id": "17", "object_repr": "GH8SHGXUVU", "action_flag": 3, "change_message": ""}}, {"model": "admin.logentry", "pk": 423, "fields": {"action_time": "2020-07-27T06:03:47.093Z", "user": 1, "content_type": 22, "object_id": "16", "object_repr": "22LYI7RRS3", "action_flag": 3, "change_message": ""}}, {"model": "admin.logentry", "pk": 424, "fields": {"action_time": "2020-07-27T06:03:47.105Z", "user": 1, "content_type": 22, "object_id": "15", "object_repr": "6XACMP3IHV", "action_flag": 3, "change_message": ""}}, {"model": "admin.logentry", "pk": 425, "fields": {"action_time": "2020-07-27T06:03:47.117Z", "user": 1, "content_type": 22, "object_id": "14", "object_repr": "BR3CD2S5VJ", "action_flag": 3, "change_message": ""}}, {"model": "admin.logentry", "pk": 426, "fields": {"action_time": "2020-07-27T06:03:47.129Z", "user": 1, "content_type": 22, "object_id": "13", "object_repr": "QK50GVZ2CZ", "action_flag": 3, "change_message": ""}}, {"model": "admin.logentry", "pk": 427, "fields": {"action_time": "2020-07-27T07:54:38.209Z", "user": 1, "content_type": 22, "object_id": "54", "object_repr": "6FVZ3BTRO9", "action_flag": 3, "change_message": ""}}, {"model": "admin.logentry", "pk": 428, "fields": {"action_time": "2020-07-27T07:54:38.223Z", "user": 1, "content_type": 22, "object_id": "53", "object_repr": "2KXAZSJDX6", "action_flag": 3, "change_message": ""}}, {"model": "admin.logentry", "pk": 429, "fields": {"action_time": "2020-07-27T07:54:38.235Z", "user": 1, "content_type": 22, "object_id": "52", "object_repr": "3314TDZO20", "action_flag": 3, "change_message": ""}}, {"model": "admin.logentry", "pk": 430, "fields": {"action_time": "2020-07-27T07:54:38.247Z", "user": 1, "content_type": 22, "object_id": "51", "object_repr": "DWFGOAY7Y1", "action_flag": 3, "change_message": ""}}, {"model": "admin.logentry", "pk": 431, "fields": {"action_time": "2020-07-27T07:54:38.259Z", "user": 1, "content_type": 22, "object_id": "50", "object_repr": "TJORBE8Z71", "action_flag": 3, "change_message": ""}}, {"model": "admin.logentry", "pk": 432, "fields": {"action_time": "2020-07-27T07:54:38.271Z", "user": 1, "content_type": 22, "object_id": "49", "object_repr": "TUTQ74XOVV", "action_flag": 3, "change_message": ""}}, {"model": "admin.logentry", "pk": 433, "fields": {"action_time": "2020-07-27T08:06:49.114Z", "user": 1, "content_type": 22, "object_id": "56", "object_repr": "A4DLRGLY0I", "action_flag": 3, "change_message": ""}}, {"model": "admin.logentry", "pk": 434, "fields": {"action_time": "2020-07-27T08:13:28.452Z", "user": 1, "content_type": 22, "object_id": "58", "object_repr": "YC98MIACQP", "action_flag": 3, "change_message": ""}}, {"model": "admin.logentry", "pk": 435, "fields": {"action_time": "2020-07-27T08:13:28.465Z", "user": 1, "content_type": 22, "object_id": "57", "object_repr": "SM238EQ6EC", "action_flag": 3, "change_message": ""}}, {"model": "admin.logentry", "pk": 436, "fields": {"action_time": "2020-07-27T08:13:28.477Z", "user": 1, "content_type": 22, "object_id": "55", "object_repr": "NXZDCMQZ6P", "action_flag": 3, "change_message": ""}}, {"model": "admin.logentry", "pk": 437, "fields": {"action_time": "2020-07-27T09:58:09.385Z", "user": 1, "content_type": 22, "object_id": "61", "object_repr": "M0J9WMUSY7", "action_flag": 3, "change_message": ""}}, {"model": "admin.logentry", "pk": 438, "fields": {"action_time": "2020-07-27T09:58:09.398Z", "user": 1, "content_type": 22, "object_id": "60", "object_repr": "XQ0QGEDG9X", "action_flag": 3, "change_message": ""}}, {"model": "admin.logentry", "pk": 439, "fields": {"action_time": "2020-07-27T09:58:09.409Z", "user": 1, "content_type": 22, "object_id": "59", "object_repr": "L1Z6SC5EIA", "action_flag": 3, "change_message": ""}}, {"model": "admin.logentry", "pk": 440, "fields": {"action_time": "2020-07-27T10:03:00.473Z", "user": 1, "content_type": 22, "object_id": "63", "object_repr": "JD9MTH4H0C", "action_flag": 3, "change_message": ""}}, {"model": "admin.logentry", "pk": 441, "fields": {"action_time": "2020-07-27T10:03:00.486Z", "user": 1, "content_type": 22, "object_id": "62", "object_repr": "QVW0OY1F59", "action_flag": 3, "change_message": ""}}, {"model": "admin.logentry", "pk": 442, "fields": {"action_time": "2020-07-27T10:16:51.935Z", "user": 1, "content_type": 4, "object_id": "53", "object_repr": "jitu10", "action_flag": 2, "change_message": "[{\"changed\": {\"fields\": [\"Active\"]}}]"}}, {"model": "admin.logentry", "pk": 443, "fields": {"action_time": "2020-07-28T06:49:42.068Z", "user": 1, "content_type": 22, "object_id": "70", "object_repr": "SEHY3HUF2X", "action_flag": 2, "change_message": "[{\"changed\": {\"fields\": [\"Payment status\", \"Active status\"]}}]"}}, {"model": "admin.logentry", "pk": 444, "fields": {"action_time": "2020-07-29T12:32:55.109Z", "user": 1, "content_type": 22, "object_id": "71", "object_repr": "K7BS40WUBH", "action_flag": 2, "change_message": "[{\"changed\": {\"fields\": [\"Active status\"]}}]"}}, {"model": "admin.logentry", "pk": 445, "fields": {"action_time": "2020-07-29T13:08:10.888Z", "user": 1, "content_type": 22, "object_id": "78", "object_repr": "LLIRYXQNTD", "action_flag": 2, "change_message": "[{\"changed\": {\"fields\": [\"Active status\"]}}]"}}, {"model": "admin.logentry", "pk": 446, "fields": {"action_time": "2020-07-29T13:30:18.463Z", "user": 1, "content_type": 22, "object_id": "79", "object_repr": "V311FTPHB9", "action_flag": 3, "change_message": ""}}, {"model": "admin.logentry", "pk": 447, "fields": {"action_time": "2020-07-29T13:30:18.478Z", "user": 1, "content_type": 22, "object_id": "78", "object_repr": "LLIRYXQNTD", "action_flag": 3, "change_message": ""}}, {"model": "admin.logentry", "pk": 448, "fields": {"action_time": "2020-07-29T13:30:18.490Z", "user": 1, "content_type": 22, "object_id": "77", "object_repr": "711ROOIRNT", "action_flag": 3, "change_message": ""}}, {"model": "admin.logentry", "pk": 449, "fields": {"action_time": "2020-07-29T13:30:18.502Z", "user": 1, "content_type": 22, "object_id": "76", "object_repr": "807LER0Q1P", "action_flag": 3, "change_message": ""}}, {"model": "admin.logentry", "pk": 450, "fields": {"action_time": "2020-07-29T13:30:18.514Z", "user": 1, "content_type": 22, "object_id": "75", "object_repr": "Q8FLLY4W3S", "action_flag": 3, "change_message": ""}}, {"model": "admin.logentry", "pk": 451, "fields": {"action_time": "2020-07-29T13:30:18.526Z", "user": 1, "content_type": 22, "object_id": "74", "object_repr": "001TS6ADR9", "action_flag": 3, "change_message": ""}}, {"model": "admin.logentry", "pk": 452, "fields": {"action_time": "2020-07-29T13:30:18.538Z", "user": 1, "content_type": 22, "object_id": "73", "object_repr": "UQVQ032JS4", "action_flag": 3, "change_message": ""}}, {"model": "admin.logentry", "pk": 453, "fields": {"action_time": "2020-07-29T13:30:18.549Z", "user": 1, "content_type": 22, "object_id": "72", "object_repr": "W01GYXTDDJ", "action_flag": 3, "change_message": ""}}, {"model": "admin.logentry", "pk": 454, "fields": {"action_time": "2020-07-29T13:30:18.562Z", "user": 1, "content_type": 22, "object_id": "71", "object_repr": "K7BS40WUBH", "action_flag": 3, "change_message": ""}}, {"model": "admin.logentry", "pk": 455, "fields": {"action_time": "2020-07-29T13:41:30.757Z", "user": 1, "content_type": 22, "object_id": "84", "object_repr": "2V570D89MR", "action_flag": 3, "change_message": ""}}, {"model": "admin.logentry", "pk": 456, "fields": {"action_time": "2020-07-29T13:41:30.769Z", "user": 1, "content_type": 22, "object_id": "83", "object_repr": "XIJJ1Q3EQ4", "action_flag": 3, "change_message": ""}}, {"model": "admin.logentry", "pk": 457, "fields": {"action_time": "2020-07-29T13:41:30.782Z", "user": 1, "content_type": 22, "object_id": "82", "object_repr": "6MG6BUGYAP", "action_flag": 3, "change_message": ""}}, {"model": "admin.logentry", "pk": 458, "fields": {"action_time": "2020-07-29T13:41:30.793Z", "user": 1, "content_type": 22, "object_id": "81", "object_repr": "2ECK210QHX", "action_flag": 3, "change_message": ""}}, {"model": "admin.logentry", "pk": 459, "fields": {"action_time": "2020-07-29T13:43:47.480Z", "user": 1, "content_type": 22, "object_id": "85", "object_repr": "JK9JVFWT3K", "action_flag": 3, "change_message": ""}}, {"model": "admin.logentry", "pk": 460, "fields": {"action_time": "2020-07-29T13:46:09.096Z", "user": 1, "content_type": 22, "object_id": "87", "object_repr": "N6TXAK4UT3", "action_flag": 2, "change_message": "[{\"changed\": {\"fields\": [\"Active status\"]}}]"}}, {"model": "admin.logentry", "pk": 461, "fields": {"action_time": "2020-07-29T13:49:31.562Z", "user": 1, "content_type": 22, "object_id": "88", "object_repr": "H656P7JLII", "action_flag": 3, "change_message": ""}}, {"model": "admin.logentry", "pk": 462, "fields": {"action_time": "2020-07-29T13:49:31.574Z", "user": 1, "content_type": 22, "object_id": "87", "object_repr": "N6TXAK4UT3", "action_flag": 3, "change_message": ""}}, {"model": "admin.logentry", "pk": 463, "fields": {"action_time": "2020-07-29T13:49:31.586Z", "user": 1, "content_type": 22, "object_id": "86", "object_repr": "CSQAIX8GLG", "action_flag": 3, "change_message": ""}}, {"model": "admin.logentry", "pk": 464, "fields": {"action_time": "2020-07-29T13:49:40.728Z", "user": 1, "content_type": 22, "object_id": "80", "object_repr": "HZ56A3BVM4", "action_flag": 2, "change_message": "[{\"changed\": {\"fields\": [\"Payment status\", \"Active status\"]}}]"}}, {"model": "admin.logentry", "pk": 465, "fields": {"action_time": "2020-07-30T07:39:18.967Z", "user": 1, "content_type": 23, "object_id": "2", "object_repr": "Paid Subscription", "action_flag": 2, "change_message": "[{\"changed\": {\"fields\": [\"Free trial\"]}}]"}}, {"model": "admin.logentry", "pk": 466, "fields": {"action_time": "2020-07-30T14:15:51.297Z", "user": 1, "content_type": 4, "object_id": "55", "object_repr": "rkmimics", "action_flag": 2, "change_message": "[{\"changed\": {\"fields\": [\"password\"]}}]"}}]